Date,Quarter,Year,5 year bond yields,GDPm (Current Prices),GDP per capita,GNI per capita,Personal Income m,Unemployment Rate,Core inflation,Median Household Inc,Total Residential Properties,  1-Room Residential Properties,  2-Room Residential Properties,  3-Room Residential Properties,  4-Room Residential Properties,  5-Room Residential Properties,  Executive Properties,"Lime, Cement, & Fabricated Construction Materials Excl Glass & Clay Materials",Clay Construction Materials & Refractory Construction Materials,Stamp Duty,LTV Value,yearly core inflation,yearly cement inflation,yearly clay inflation
1990-01-01,1990 1Q,1990,5.22,16669.5,22901.0,23134.0,9046.8,1.8,61.59,2296.0,623821.0,28697.0,42206.0,252044.0,202046.0,71754.0,21602.0,99.488,81.242,0.03,0.9,0.0017860042214645766,-0.005427790286265721,-0.0009231678196007786
1990-02-01,1990 1Q,1990,5.16,16669.5,22901.0,23134.0,9046.8,1.8,61.7,2296.0,623821.0,28697.0,42206.0,252044.0,202046.0,71754.0,21602.0,98.948,81.167,0.03,0.9,0.0017860042214645766,-0.005427790286265721,-0.0009231678196007786
1990-03-01,1990 1Q,1990,5.22,16669.5,22901.0,23134.0,9046.8,1.8,61.48,2296.0,623821.0,28697.0,42206.0,252044.0,202046.0,71754.0,21602.0,101.752,80.572,0.03,0.9,-0.003565640194489572,0.028338116990742623,-0.007330565377554943
1990-04-01,1990 2Q,1990,5.34,17087.7,22901.0,23134.0,9460.3,1.8,61.86,2296.0,623821.0,28697.0,42206.0,252044.0,202046.0,71754.0,21602.0,102.506,80.647,0.03,0.9,0.006180871828236789,0.007410173755798555,0.0009308444620961254
1990-05-01,1990 2Q,1990,5.25,17087.7,22901.0,23134.0,9460.3,1.8,61.99,2296.0,623821.0,28697.0,42206.0,252044.0,202046.0,71754.0,21602.0,103.799,80.2,0.03,0.9,0.0021015195602975822,0.01261389577195482,-0.005542673627041306
1990-06-01,1990 2Q,1990,5.19,17087.7,22901.0,23134.0,9460.3,1.8,61.99,2296.0,623821.0,28697.0,42206.0,252044.0,202046.0,71754.0,21602.0,103.475,80.2,0.03,0.9,0.0,-0.0031214173546952884,0.0
1990-07-01,1990 3Q,1990,5.22,17930.1,22901.0,23134.0,9962.4,1.8,61.92,2296.0,623821.0,28697.0,42206.0,252044.0,202046.0,71754.0,21602.0,104.985,80.126,0.03,0.9,-0.0011292143894175988,0.014592896834984437,-0.0009226932668329191
1990-08-01,1990 3Q,1990,5.48,17930.1,22901.0,23134.0,9962.4,1.8,61.92,2296.0,623821.0,28697.0,42206.0,252044.0,202046.0,71754.0,21602.0,104.338,80.126,0.03,0.9,0.0,-0.006162785159784745,0.0
1990-09-01,1990 3Q,1990,5.49,17930.1,22901.0,23134.0,9962.4,1.8,61.84,2296.0,623821.0,28697.0,42206.0,252044.0,202046.0,71754.0,21602.0,105.308,79.605,0.03,0.9,-0.0012919896640826156,0.009296708773409712,-0.00650225894216605
1990-10-01,1990 4Q,1990,5.42,18805.0,22901.0,23134.0,10073.9,1.8,62.41,2296.0,623821.0,28697.0,42206.0,252044.0,202046.0,71754.0,21602.0,108.003,79.53,0.03,0.9,0.009217335058214537,0.025591597979260694,-0.0009421518748822244
1990-11-01,1990 4Q,1990,5.22,18805.0,22901.0,23134.0,10073.9,1.8,62.98,2296.0,623821.0,28697.0,42206.0,252044.0,202046.0,71754.0,21602.0,108.111,79.53,0.03,0.9,0.009133151738503376,0.0009999722229938612,0.0
1990-12-01,1990 4Q,1990,5.19,18805.0,22901.0,23134.0,10073.9,1.8,63.45,2296.0,623821.0,28697.0,42206.0,252044.0,202046.0,71754.0,21602.0,108.65,79.456,0.03,0.9,0.007462686567164312,0.004985616634755052,-0.0009304664906324422
1991-01-01,1991 1Q,1991,5.2,18521.0,24674.0,25053.0,10509.5,1.8,63.56,2442.94,626313.0,28125.0,38445.0,248358.0,207773.0,74714.0,23426.0,107.788,81.242,0.03,0.9,0.001733648542159072,-0.007933732167510477,0.022477849375755143
1991-02-01,1991 1Q,1991,5.11,18521.0,24674.0,25053.0,10509.5,1.8,64.02,2442.94,626313.0,28125.0,38445.0,248358.0,207773.0,74714.0,23426.0,108.758,81.018,0.03,0.9,0.0072372561359344,0.008999146472705721,-0.0027571945545408205
1991-03-01,1991 1Q,1991,5.03,18521.0,24674.0,25053.0,10509.5,1.8,63.91,2442.94,626313.0,28125.0,38445.0,248358.0,207773.0,74714.0,23426.0,109.19,81.242,0.03,0.9,-0.0017182130584192379,0.003972121591055311,0.002764817694833388
1991-04-01,1991 2Q,1991,5.02,19058.1,24674.0,25053.0,10810.4,1.8,64.23,2442.94,626313.0,28125.0,38445.0,248358.0,207773.0,74714.0,23426.0,108.65,78.638,0.03,0.9,0.005007041151619651,-0.004945507830387275,-0.03205238669653632
1991-05-01,1991 2Q,1991,5.03,19058.1,24674.0,25053.0,10810.4,1.8,64.32,2442.94,626313.0,28125.0,38445.0,248358.0,207773.0,74714.0,23426.0,107.14,78.712,0.03,0.9,0.0014012143858008752,-0.013897837091578547,0.0009410208804903064
1991-06-01,1991 2Q,1991,5.08,19058.1,24674.0,25053.0,10810.4,1.8,64.35,2442.94,626313.0,28125.0,38445.0,248358.0,207773.0,74714.0,23426.0,108.218,78.712,0.03,0.9,0.0004664179104478805,0.010061601642710416,0.0
1991-07-01,1991 3Q,1991,5.08,20151.6,24674.0,25053.0,10990.0,1.8,64.46,2442.94,626313.0,28125.0,38445.0,248358.0,207773.0,74714.0,23426.0,108.65,78.563,0.03,0.9,0.0017094017094017033,0.003991942190763043,-0.0018929769285496167
1991-08-01,1991 3Q,1991,5.15,20151.6,24674.0,25053.0,10990.0,1.8,64.41,2442.94,626313.0,28125.0,38445.0,248358.0,207773.0,74714.0,23426.0,108.542,78.415,0.03,0.9,-0.0007756748371082756,-0.0009940174873447338,-0.001883838448124342
1991-09-01,1991 3Q,1991,4.98,20151.6,24674.0,25053.0,10990.0,1.8,64.53,2442.94,626313.0,28125.0,38445.0,248358.0,207773.0,74714.0,23426.0,108.758,78.488,0.03,0.9,0.0018630647414998869,0.001990013082493247,0.0009309443346297019
1991-10-01,1991 4Q,1991,4.82,20812.1,24674.0,25053.0,11158.1,1.8,64.63,2442.94,626313.0,28125.0,38445.0,248358.0,207773.0,74714.0,23426.0,108.326,81.986,0.03,0.9,0.0015496668216332665,-0.003972121591055422,0.044567322393232134
1991-11-01,1991 4Q,1991,4.72,20812.1,24674.0,25053.0,11158.1,1.8,64.67,2442.94,626313.0,28125.0,38445.0,248358.0,207773.0,74714.0,23426.0,107.357,81.167,0.03,0.9,0.0006189076280365136,-0.008945220907261353,-0.009989510404215363
1991-12-01,1991 4Q,1991,4.68,20812.1,24674.0,25053.0,11158.1,1.8,65.2,2442.94,626313.0,28125.0,38445.0,248358.0,207773.0,74714.0,23426.0,106.17,81.465,0.03,0.9,0.008195453842585465,-0.01105656827221324,0.0036714428277502265
1992-01-01,1992 1Q,1992,4.27,19958.9,26301.0,26285.0,11220.5,1.8,65.06,2599.29,641016.0,27470.0,36671.0,247030.0,211455.0,83213.0,29713.0,105.74,80.869,0.03,0.9,-0.0021472392638036686,-0.004050108316850376,-0.007316025286933092
1992-02-01,1992 1Q,1992,4.08,19958.9,26301.0,26285.0,11220.5,1.8,65.09,2599.29,641016.0,27470.0,36671.0,247030.0,211455.0,83213.0,29713.0,105.74,80.869,0.03,0.9,0.00046111281893645995,0.0,0.0
1992-03-01,1992 1Q,1992,4.06,19958.9,26301.0,26285.0,11220.5,1.8,64.97,2599.29,641016.0,27470.0,36671.0,247030.0,211455.0,83213.0,29713.0,106.602,80.126,0.03,0.9,-0.0018436011676141728,0.008152071117836224,-0.009187698623699947
1992-04-01,1992 2Q,1992,4.26,20381.9,26301.0,26285.0,11271.9,1.8,65.21,2599.29,641016.0,27470.0,36671.0,247030.0,211455.0,83213.0,29713.0,105.417,79.456,0.03,0.9,0.003694012621209719,-0.011116114144199996,-0.008361830117564861
1992-05-01,1992 2Q,1992,4.14,20381.9,26301.0,26285.0,11271.9,1.8,65.44,2599.29,641016.0,27470.0,36671.0,247030.0,211455.0,83213.0,29713.0,105.092,80.2,0.03,0.9,0.0035270664008588692,-0.003082994203970957,0.009363672976238524
1992-06-01,1992 2Q,1992,4.08,20381.9,26301.0,26285.0,11271.9,1.8,65.43,2599.29,641016.0,27470.0,36671.0,247030.0,211455.0,83213.0,29713.0,102.72,78.415,0.03,0.9,-0.0001528117359411718,-0.02257069995813188,-0.022256857855361578
1992-07-01,1992 3Q,1992,3.99,21674.3,26301.0,26285.0,11445.0,1.8,65.58,2599.29,641016.0,27470.0,36671.0,247030.0,211455.0,83213.0,29713.0,102.72,77.82,0.03,0.9,0.0022925263640529714,0.0,-0.007587833960339352
1992-08-01,1992 3Q,1992,4.01,21674.3,26301.0,26285.0,11445.0,1.8,65.4,2599.29,641016.0,27470.0,36671.0,247030.0,211455.0,83213.0,29713.0,102.398,77.82,0.03,0.9,-0.0027447392497711443,-0.0031347352024921893,0.0
1992-09-01,1992 3Q,1992,3.8,21674.3,26301.0,26285.0,11445.0,1.8,65.46,2599.29,641016.0,27470.0,36671.0,247030.0,211455.0,83213.0,29713.0,102.398,77.224,0.03,0.9,0.0009174311926603007,0.0,-0.0076586995630941734
1992-10-01,1992 4Q,1992,3.67,22905.1,26301.0,26285.0,11705.5,1.8,65.56,2599.29,641016.0,27470.0,36671.0,247030.0,211455.0,83213.0,29713.0,101.968,77.299,0.03,0.9,0.001527650473571729,-0.004199300767593006,0.0009712006630062664
1992-11-01,1992 4Q,1992,3.82,22905.1,26301.0,26285.0,11705.5,1.8,65.71,2599.29,641016.0,27470.0,36671.0,247030.0,211455.0,83213.0,29713.0,102.074,76.852,0.03,0.9,0.0022879804758997313,0.001039541817040579,-0.005782739750837651
1992-12-01,1992 4Q,1992,3.79,22905.1,26301.0,26285.0,11705.5,1.8,65.87,2599.29,641016.0,27470.0,36671.0,247030.0,211455.0,83213.0,29713.0,102.506,77.075,0.03,0.9,0.002434941409222402,0.00423222368085896,0.002901681153385738
1993-01-01,1993 1Q,1993,3.73,22554.2,28929.0,29553.0,11938.0,1.8,66.46,2765.65,655487.0,27446.0,36682.0,244824.0,215467.0,90431.0,35173.0,101.428,76.108,0.03,0.9,0.008957036587217138,-0.010516457573215288,-0.012546221213104114
1993-02-01,1993 1Q,1993,3.57,22554.2,28929.0,29553.0,11938.0,1.8,66.08,2765.65,655487.0,27446.0,36682.0,244824.0,215467.0,90431.0,35173.0,100.89,76.182,0.03,0.9,-0.005717724947336689,-0.005304255235240696,0.0009723025174750433
1993-03-01,1993 1Q,1993,3.11,22554.2,28929.0,29553.0,11938.0,1.8,66.21,2765.65,655487.0,27446.0,36682.0,244824.0,215467.0,90431.0,35173.0,102.398,76.108,0.03,0.9,0.0019673123486683153,0.014946971949648002,-0.0009713580635845043
1993-04-01,1993 2Q,1993,3.07,23633.7,28929.0,29553.0,12353.7,1.8,66.32,2765.65,655487.0,27446.0,36682.0,244824.0,215467.0,90431.0,35173.0,102.937,76.108,0.03,0.9,0.0016613804561245171,0.005263774683099243,0.0
1993-05-01,1993 2Q,1993,3.15,23633.7,28929.0,29553.0,12353.7,1.8,66.51,2765.65,655487.0,27446.0,36682.0,244824.0,215467.0,90431.0,35173.0,104.662,75.885,0.03,0.9,0.0028648974668277205,0.0167578227459515,-0.002930046775634576
1993-06-01,1993 2Q,1993,2.9,23633.7,28929.0,29553.0,12353.7,1.8,66.49,2765.65,655487.0,27446.0,36682.0,244824.0,215467.0,90431.0,35173.0,104.985,75.885,0.03,0.9,-0.00030070666065273866,0.0030861248590701162,0.0
1993-07-01,1993 3Q,1993,2.88,24980.3,28929.0,29553.0,12629.8,1.8,66.79,2765.65,655487.0,27446.0,36682.0,244824.0,215467.0,90431.0,35173.0,105.524,76.257,0.03,0.9,0.00451195668521609,0.005134066771443457,0.0049021545760030705
1993-08-01,1993 3Q,1993,2.9,24980.3,28929.0,29553.0,12629.8,1.8,66.65,2765.65,655487.0,27446.0,36682.0,244824.0,215467.0,90431.0,35173.0,107.248,75.513,0.03,0.9,-0.0020961221739781433,0.016337515636253297,-0.009756481372201864
1993-09-01,1993 3Q,1993,2.94,24980.3,28929.0,29553.0,12629.8,1.8,66.59,2765.65,655487.0,27446.0,36682.0,244824.0,215467.0,90431.0,35173.0,108.326,75.439,0.03,0.9,-0.0009002250562640812,0.010051469491272558,-0.0009799637148572016
1993-10-01,1993 4Q,1993,2.69,26754.9,28929.0,29553.0,13132.5,1.8,66.74,2765.65,655487.0,27446.0,36682.0,244824.0,215467.0,90431.0,35173.0,107.788,75.364,0.03,0.9,0.0022525904790506868,-0.0049664900393256994,-0.0009941807288006421
1993-11-01,1993 4Q,1993,2.67,26754.9,28929.0,29553.0,13132.5,1.8,66.89,2765.65,655487.0,27446.0,36682.0,244824.0,215467.0,90431.0,35173.0,107.896,75.364,0.03,0.9,0.0022475277195086463,0.001001966823765299,0.0
1993-12-01,1993 4Q,1993,2.94,26754.9,28929.0,29553.0,13132.5,1.8,67.01,2765.65,655487.0,27446.0,36682.0,244824.0,215467.0,90431.0,35173.0,108.218,74.843,0.03,0.9,0.0017939901330543684,0.0029843553051085436,-0.006913115015126592
1994-01-01,1994 1Q,1994,3.17,26288.3,32963.0,32921.0,13622.8,1.6,67.24,2942.65,676558.0,26769.0,36127.0,242128.0,224417.0,100899.0,40754.0,109.19,73.281,0.03,0.9,0.0034323235338007407,0.00898186992921679,-0.020870355277046615
1994-02-01,1994 1Q,1994,3.19,26288.3,32963.0,32921.0,13622.8,1.6,67.7,2942.65,676558.0,26769.0,36127.0,242128.0,224417.0,100899.0,40754.0,108.326,73.207,0.03,0.9,0.00684116597263551,-0.007912812528619861,-0.001009811547331707
1994-03-01,1994 1Q,1994,3.24,26288.3,32963.0,32921.0,13622.8,1.6,67.47,2942.65,676558.0,26769.0,36127.0,242128.0,224417.0,100899.0,40754.0,108.003,73.728,0.03,0.9,-0.003397341211226035,-0.002981740302420377,0.0071168057699400045
1994-04-01,1994 2Q,1994,3.39,26949.0,32963.0,32921.0,13950.0,1.6,67.85,2942.65,676558.0,26769.0,36127.0,242128.0,224417.0,100899.0,40754.0,108.003,74.546,0.03,0.9,0.0056321327997628234,0.0,0.011094835069444642
1994-05-01,1994 2Q,1994,3.49,26949.0,32963.0,32921.0,13950.0,1.6,68.15,2942.65,676558.0,26769.0,36127.0,242128.0,224417.0,100899.0,40754.0,107.033,74.397,0.03,0.9,0.00442151805453217,-0.008981232002814754,-0.001998765862688767
1994-06-01,1994 2Q,1994,3.65,26949.0,32963.0,32921.0,13950.0,1.6,68.44,2942.65,676558.0,26769.0,36127.0,242128.0,224417.0,100899.0,40754.0,106.17,74.174,0.03,0.9,0.004255319148936065,-0.00806293386151935,-0.0029974326921784478
1994-07-01,1994 3Q,1994,3.71,29045.0,32963.0,32921.0,14441.6,1.6,68.56,2942.65,676558.0,26769.0,36127.0,242128.0,224417.0,100899.0,40754.0,106.817,73.95,0.03,0.9,0.001753360607831711,0.0060940001883771355,-0.0030199261196646177
1994-08-01,1994 3Q,1994,3.73,29045.0,32963.0,32921.0,14441.6,1.6,68.6,2942.65,676558.0,26769.0,36127.0,242128.0,224417.0,100899.0,40754.0,108.542,74.322,0.03,0.9,0.0005834305717618005,0.016149114841270684,0.005030425963488794
1994-09-01,1994 3Q,1994,3.7,29045.0,32963.0,32921.0,14441.6,1.6,68.57,2942.65,676558.0,26769.0,36127.0,242128.0,224417.0,100899.0,40754.0,107.033,73.801,0.03,0.9,-0.00043731778425659673,-0.013902452506863727,-0.007010037404806102
1994-10-01,1994 4Q,1994,3.86,30273.1,32963.0,32921.0,14981.4,1.6,68.72,2942.65,676558.0,26769.0,36127.0,242128.0,224417.0,100899.0,40754.0,106.71,73.801,0.03,0.9,0.0021875455738662453,-0.0030177608774863973,0.0
1994-11-01,1994 4Q,1994,3.93,30273.1,32963.0,32921.0,14981.4,1.6,68.83,2942.65,676558.0,26769.0,36127.0,242128.0,224417.0,100899.0,40754.0,106.386,73.728,0.03,0.9,0.001600698486612373,-0.003036266516727615,-0.0009891464885301016
1994-12-01,1994 4Q,1994,3.92,30273.1,32963.0,32921.0,14981.4,1.6,68.82,2942.65,676558.0,26769.0,36127.0,242128.0,224417.0,100899.0,40754.0,106.493,73.728,0.03,0.9,-0.000145285485980029,0.0010057714360911518,0.0
1995-01-01,1995 1Q,1995,4.01,28926.8,35569.0,35314.0,15352.3,1.9,69.28,3135.0,700060.0,25930.0,35165.0,241085.0,236798.0,111664.0,44100.0,106.936,76.316,0.03,0.9,0.006684103458297175,0.004159897833660553,0.0351019965277779
1995-02-01,1995 1Q,1995,3.91,28926.8,35569.0,35314.0,15352.3,1.9,69.52,3135.0,700060.0,25930.0,35165.0,241085.0,236798.0,111664.0,44100.0,107.055,76.272,0.03,0.9,0.0034642032332563577,0.0011128151417669763,-0.0005765501336547629
1995-03-01,1995 1Q,1995,3.29,28926.8,35569.0,35314.0,15352.3,1.9,69.36,3135.0,700060.0,25930.0,35165.0,241085.0,236798.0,111664.0,44100.0,106.72,75.483,0.03,0.9,-0.0023014959723820505,-0.00312923263742948,-0.010344556324732523
1995-04-01,1995 2Q,1995,2.82,30105.4,35569.0,35314.0,15769.5,1.9,69.63,3135.0,700060.0,25930.0,35165.0,241085.0,236798.0,111664.0,44100.0,106.225,73.787,0.03,0.9,0.0038927335640137617,-0.004638305847076474,-0.022468635321860497
1995-05-01,1995 2Q,1995,2.45,30105.4,35569.0,35314.0,15769.5,1.9,69.74,3135.0,700060.0,25930.0,35165.0,241085.0,236798.0,111664.0,44100.0,106.377,74.129,0.03,0.9,0.0015797788309637184,0.0014309249235113786,0.004634962798324871
1995-06-01,1995 2Q,1995,2.57,30105.4,35569.0,35314.0,15769.5,1.9,69.76,3135.0,700060.0,25930.0,35165.0,241085.0,236798.0,111664.0,44100.0,107.54,73.251,0.03,0.9,0.0002867794665903922,0.010932814424170711,-0.011844217512714361
1995-07-01,1995 3Q,1995,3.15,32070.8,35569.0,35314.0,16261.7,1.9,69.79,3135.0,700060.0,25930.0,35165.0,241085.0,236798.0,111664.0,44100.0,108.316,73.824,0.03,0.9,0.0004300458715595923,0.0072159196578016616,0.007822418806569198
1995-08-01,1995 3Q,1995,3.07,32070.8,35569.0,35314.0,16261.7,1.9,69.9,3135.0,700060.0,25930.0,35165.0,241085.0,236798.0,111664.0,44100.0,108.359,74.546,0.03,0.9,0.0015761570425563143,0.00039698659477815923,0.009780017338534952
1995-09-01,1995 3Q,1995,2.96,32070.8,35569.0,35314.0,16261.7,1.9,69.9,3135.0,700060.0,25930.0,35165.0,241085.0,236798.0,111664.0,44100.0,108.779,74.047,0.03,0.9,0.0,0.003876004761948826,-0.006693853459608934
1995-10-01,1995 4Q,1995,2.86,33360.3,35569.0,35314.0,16655.6,1.9,69.89,3135.0,700060.0,25930.0,35165.0,241085.0,236798.0,111664.0,44100.0,109.135,73.839,0.03,0.9,-0.0001430615164521587,0.003272690500923936,-0.002809026699258532
1995-11-01,1995 4Q,1995,2.83,33360.3,35569.0,35314.0,16655.6,1.9,70.12,3135.0,700060.0,25930.0,35165.0,241085.0,236798.0,111664.0,44100.0,109.005,72.879,0.03,0.9,0.0032908856774933604,-0.001191185229303282,-0.013001259497013695
1995-12-01,1995 4Q,1995,2.75,33360.3,35569.0,35314.0,16655.6,1.9,70.04,3135.0,700060.0,25930.0,35165.0,241085.0,236798.0,111664.0,44100.0,108.995,74.382,0.03,0.9,-0.0011409013120364797,-9.17389110590694e-05,0.020623224797266637
1996-01-01,1996 1Q,1996,2.74,32774.3,36724.0,36989.0,17022.4,1.8,70.23,3367.0,725144.0,25540.0,34939.0,240164.0,252809.0,121486.0,46134.0,109.285,73.095,0.03,0.9,0.002712735579668779,0.002660672507913242,-0.017302573203194394
1996-02-01,1996 1Q,1996,2.7,32774.3,36724.0,36989.0,17022.4,1.8,70.91,3367.0,725144.0,25540.0,34939.0,240164.0,252809.0,121486.0,46134.0,109.19,72.842,0.03,0.9,0.009682471878114551,-0.0008692867273641935,-0.0034612490594432277
1996-03-01,1996 1Q,1996,2.29,32774.3,36724.0,36989.0,17022.4,1.8,70.51,3367.0,725144.0,25540.0,34939.0,240164.0,252809.0,121486.0,46134.0,109.566,72.232,0.03,0.9,-0.005640953321111142,0.0034435387856031063,-0.008374289558221948
1996-04-01,1996 2Q,1996,2.29,33179.0,36724.0,36989.0,17330.4,1.8,70.72,3367.0,725144.0,25540.0,34939.0,240164.0,252809.0,121486.0,46134.0,109.598,72.82,0.03,0.9,0.002978300950219781,0.00029206140591053753,0.00814043637169104
1996-05-01,1996 2Q,1996,2.29,33179.0,36724.0,36989.0,17330.4,1.8,70.94,3367.0,725144.0,25540.0,34939.0,240164.0,252809.0,121486.0,46134.0,109.717,72.009,0.03,0.9,0.0031108597285067763,0.0010857862369750837,-0.01113705026091727
1996-06-01,1996 2Q,1996,2.32,33179.0,36724.0,36989.0,17330.4,1.8,71.03,3367.0,725144.0,25540.0,34939.0,240164.0,252809.0,121486.0,46134.0,110.299,72.329,0.03,0.9,0.001268677755850156,0.00530455626748827,0.004443888958324482
1996-07-01,1996 3Q,1996,2.51,33910.5,36724.0,36989.0,17614.5,1.8,71.08,3367.0,725144.0,25540.0,34939.0,240164.0,252809.0,121486.0,46134.0,110.128,72.872,0.03,0.9,0.0007039279177811775,-0.0015503313719980039,0.007507362192205047
1996-08-01,1996 3Q,1996,2.45,33910.5,36724.0,36989.0,17614.5,1.8,71.21,3367.0,725144.0,25540.0,34939.0,240164.0,252809.0,121486.0,46134.0,109.964,72.039,0.03,0.9,0.00182892515475519,-0.00148917623129452,-0.011431002305412163
1996-09-01,1996 3Q,1996,2.53,33910.5,36724.0,36989.0,17614.5,1.8,71.22,3367.0,725144.0,25540.0,34939.0,240164.0,252809.0,121486.0,46134.0,109.728,72.477,0.03,0.9,0.0001404297149276701,-0.0021461569240842637,0.006080039978345164
1996-10-01,1996 4Q,1996,2.84,35913.4,36724.0,36989.0,17927.8,1.8,71.21,3367.0,725144.0,25540.0,34939.0,240164.0,252809.0,121486.0,46134.0,110.04,71.838,0.03,0.9,-0.00014040999719189262,0.00284339457567806,-0.008816590090649612
1996-11-01,1996 4Q,1996,3.03,35913.4,36724.0,36989.0,17927.8,1.8,71.38,3367.0,725144.0,25540.0,34939.0,240164.0,252809.0,121486.0,46134.0,109.156,72.634,0.03,0.9,0.0023873051537706136,-0.008033442384587475,0.011080486650519417
1996-12-01,1996 4Q,1996,2.98,35913.4,36724.0,36989.0,17927.8,1.8,71.51,3367.0,725144.0,25540.0,34939.0,240164.0,252809.0,121486.0,46134.0,108.952,71.042,0.03,0.9,0.0018212384421407712,-0.0018688848986772033,-0.021918109976044264
1997-01-01,1997 1Q,1997,2.94,34790.5,39930.0,39163.0,18318.5,1.4,71.52,3617.0,755313.0,25182.0,34610.0,239562.0,267517.0,134051.0,50320.0,112.53,69.628,0.03,0.9,0.00013984058173677205,0.032840149790733575,-0.01990371892683207
1997-02-01,1997 1Q,1997,2.95,34790.5,39930.0,39163.0,18318.5,1.4,72.09,3617.0,755313.0,25182.0,34610.0,239562.0,267517.0,134051.0,50320.0,112.217,68.847,0.03,0.9,0.007969798657718297,-0.002781480494090438,-0.011216751881427123
1997-03-01,1997 1Q,1997,3.18,34790.5,39930.0,39163.0,18318.5,1.4,71.67,3617.0,755313.0,25182.0,34610.0,239562.0,267517.0,134051.0,50320.0,112.444,68.78,0.03,0.9,-0.005826050769870972,0.0020228664106152205,-0.0009731723967637551
1997-04-01,1997 2Q,1997,3.15,36840.4,39930.0,39163.0,18846.1,1.4,71.79,3617.0,755313.0,25182.0,34610.0,239562.0,267517.0,134051.0,50320.0,112.39,68.252,0.03,0.9,0.001674340728338386,-0.0004802390523283018,-0.007676650189008538
1997-05-01,1997 2Q,1997,3.46,36840.4,39930.0,39163.0,18846.1,1.4,71.82,3617.0,755313.0,25182.0,34610.0,239562.0,267517.0,134051.0,50320.0,111.937,68.252,0.03,0.9,0.00041788549937304964,-0.004030607705311939,0.0
1997-06-01,1997 2Q,1997,3.39,36840.4,39930.0,39163.0,18846.1,1.4,71.81,3617.0,755313.0,25182.0,34610.0,239562.0,267517.0,134051.0,50320.0,111.733,68.817,0.03,0.9,-0.00013923698134210571,-0.0018224537016356956,0.008278145695364225
1997-07-01,1997 3Q,1997,3.4,38251.6,39930.0,39163.0,19301.0,1.4,72.02,3617.0,755313.0,25182.0,34610.0,239562.0,267517.0,134051.0,50320.0,112.261,68.177,0.03,0.9,0.0029243837905583714,0.004725551090546176,-0.009300027609456807
1997-08-01,1997 3Q,1997,3.61,38251.6,39930.0,39163.0,19301.0,1.4,72.35,3617.0,755313.0,25182.0,34610.0,239562.0,267517.0,134051.0,50320.0,112.486,68.415,0.03,0.9,0.004582060538739219,0.0020042579346344347,0.0034909133578773233
1997-09-01,1997 3Q,1997,3.59,38251.6,39930.0,39163.0,19301.0,1.4,72.55,3617.0,755313.0,25182.0,34610.0,239562.0,267517.0,134051.0,50320.0,111.839,68.572,0.03,0.9,0.0027643400138217533,-0.005751826894013545,0.0022948183877804507
1997-10-01,1997 4Q,1997,3.56,38781.9,39930.0,39163.0,19629.7,1.4,72.41,3617.0,755313.0,25182.0,34610.0,239562.0,267517.0,134051.0,50320.0,112.056,69.063,0.03,0.9,-0.001929703652653325,0.0019402891656756793,0.007160356997025108
1997-11-01,1997 4Q,1997,3.96,38781.9,39930.0,39163.0,19629.7,1.4,72.53,3617.0,755313.0,25182.0,34610.0,239562.0,267517.0,134051.0,50320.0,111.916,68.944,0.03,0.9,0.001657229664411064,-0.0012493753123438145,-0.0017230644484022006
1997-12-01,1997 4Q,1997,3.89,38781.9,39930.0,39163.0,19629.7,1.4,72.53,3617.0,755313.0,25182.0,34610.0,239562.0,267517.0,134051.0,50320.0,112.767,68.691,0.03,0.9,0.0,0.007603917223631962,-0.0036696449292179523
1998-01-01,1998 1Q,1998,4.01,35996.4,37072.0,36534.0,19741.4,1.9,72.91,3692.0,790898.0,25161.0,34592.0,238860.0,282601.0,150556.0,55711.0,115.807,68.415,0.03,0.9,0.005239211360816176,0.026958241329467114,-0.004017993623618765
1998-02-01,1998 1Q,1998,3.92,35996.4,37072.0,36534.0,19741.4,1.9,72.82,3692.0,790898.0,25161.0,34592.0,238860.0,282601.0,150556.0,55711.0,114.384,67.746,0.03,0.9,-0.0012343985735838725,-0.012287685545778748,-0.009778557333918192
1998-03-01,1998 1Q,1998,3.98,35996.4,37072.0,36534.0,19741.4,1.9,72.41,3692.0,790898.0,25161.0,34592.0,238860.0,282601.0,150556.0,55711.0,110.299,67.002,0.03,0.9,-0.005630321340291067,-0.03571303678836191,-0.010982198210964467
1998-04-01,1998 2Q,1998,3.89,35854.7,37072.0,36534.0,19802.0,1.9,72.46,3692.0,790898.0,25161.0,34592.0,238860.0,282601.0,150556.0,55711.0,109.254,66.466,0.03,0.9,0.0006905123601712582,-0.00947424727332069,-0.007999761201158195
1998-05-01,1998 2Q,1998,3.95,35854.7,37072.0,36534.0,19802.0,1.9,72.21,3692.0,790898.0,25161.0,34592.0,238860.0,282601.0,150556.0,55711.0,107.765,66.823,0.03,0.9,-0.003450179409329235,-0.013628791623190084,0.0053711672133121
1998-06-01,1998 2Q,1998,3.94,35854.7,37072.0,36534.0,19802.0,1.9,72.1,3692.0,790898.0,25161.0,34592.0,238860.0,282601.0,150556.0,55711.0,101.158,66.66,0.03,0.9,-0.0015233347181831114,-0.061309330487635094,-0.0024392798886609945
1998-07-01,1998 3Q,1998,4.04,35884.4,37072.0,36534.0,19480.9,1.9,72.2,3692.0,790898.0,25161.0,34592.0,238860.0,282601.0,150556.0,55711.0,100.683,68.289,0.03,0.9,0.0013869625520113171,-0.004695624666363418,0.02443744374437462
1998-08-01,1998 3Q,1998,4.76,35884.4,37072.0,36534.0,19480.9,1.9,72.24,3692.0,790898.0,25161.0,34592.0,238860.0,282601.0,150556.0,55711.0,99.456,66.607,0.03,0.9,0.0005540166204984764,-0.012186764399153782,-0.024630614008112617
1998-09-01,1998 3Q,1998,4.88,35884.4,37072.0,36534.0,19480.9,1.9,72.25,3692.0,790898.0,25161.0,34592.0,238860.0,282601.0,150556.0,55711.0,97.666,66.176,0.03,0.9,0.00013842746400882788,-0.01799790862290873,-0.00647079135826556
1998-10-01,1998 4Q,1998,3.95,35739.4,37072.0,36534.0,18860.5,1.9,72.19,3692.0,790898.0,25161.0,34592.0,238860.0,282601.0,150556.0,55711.0,91.662,65.886,0.03,0.9,-0.0008304498269896543,-0.061474822353736136,-0.0043822533849130485
1998-11-01,1998 4Q,1998,4.16,35739.4,37072.0,36534.0,18860.5,1.9,72.44,3692.0,790898.0,25161.0,34592.0,238860.0,282601.0,150556.0,55711.0,90.974,65.276,0.03,0.9,0.0034630835295748064,-0.007505836660775533,-0.009258416051968532
1998-12-01,1998 4Q,1998,3.8,35739.4,37072.0,36534.0,18860.5,1.9,72.29,3692.0,790898.0,25161.0,34592.0,238860.0,282601.0,150556.0,55711.0,88.645,65.29,0.03,0.9,-0.0020706791827718174,-0.025600721085145328,0.000214473926098524
1999-01-01,1999 1Q,1999,3.54,33909.9,37363.0,36945.0,18382.8,2.7,72.6,3500.0,823760.0,24920.0,34180.0,237433.0,296109.0,167365.0,60403.0,89.733,62.925,0.03,0.9,0.004288283303361284,0.012273675898245795,-0.036223005054372925
1999-02-01,1999 1Q,1999,3.66,33909.9,37363.0,36945.0,18382.8,2.7,72.73,3500.0,823760.0,24920.0,34180.0,237433.0,296109.0,167365.0,60403.0,89.291,62.471,0.03,0.9,0.001790633608815595,-0.004925724092585848,-0.007214938418752537
1999-03-01,1999 1Q,1999,3.43,33909.9,37363.0,36945.0,18382.8,2.7,72.43,3500.0,823760.0,24920.0,34180.0,237433.0,296109.0,167365.0,60403.0,86.358,62.106,0.03,0.9,-0.004124845318300485,-0.03284765541879908,-0.005842711017912228
1999-04-01,1999 2Q,1999,3.03,36198.8,37363.0,36945.0,18778.7,2.7,72.72,3500.0,823760.0,24920.0,34180.0,237433.0,296109.0,167365.0,60403.0,87.254,61.57,0.03,0.9,0.004003865801463391,0.010375413974385683,-0.008630406079927933
1999-05-01,1999 2Q,1999,3.66,36198.8,37363.0,36945.0,18778.7,2.7,72.8,3500.0,823760.0,24920.0,34180.0,237433.0,296109.0,167365.0,60403.0,86.424,61.006,0.03,0.9,0.0011001100110010764,-0.009512457881587055,-0.009160305343511421
1999-06-01,1999 2Q,1999,3.79,36198.8,37363.0,36945.0,18778.7,2.7,72.63,3500.0,823760.0,24920.0,34180.0,237433.0,296109.0,167365.0,60403.0,86.705,60.314,0.03,0.9,-0.002335164835164827,0.0032514116449133823,-0.011343146575746643
1999-07-01,1999 3Q,1999,4.14,37466.3,37363.0,36945.0,18936.2,2.7,72.93,3500.0,823760.0,24920.0,34180.0,237433.0,296109.0,167365.0,60403.0,86.898,59.354,0.03,0.9,0.004130524576621442,0.0022259385271898857,-0.015916702589780174
1999-08-01,1999 3Q,1999,3.93,37466.3,37363.0,36945.0,18936.2,2.7,72.86,3500.0,823760.0,24920.0,34180.0,237433.0,296109.0,167365.0,60403.0,86.823,59.25,0.03,0.9,-0.0009598244892363716,-0.0008630808534143553,-0.0017521986723725291
1999-09-01,1999 3Q,1999,3.54,37466.3,37363.0,36945.0,18936.2,2.7,72.77,3500.0,823760.0,24920.0,34180.0,237433.0,296109.0,167365.0,60403.0,86.888,59.265,0.03,0.9,-0.0012352456766401287,0.0007486495513862046,0.0002531645569621155
1999-10-01,1999 4Q,1999,3.77,38677.5,37363.0,36945.0,19595.7,2.7,72.69,3500.0,823760.0,24920.0,34180.0,237433.0,296109.0,167365.0,60403.0,86.273,59.168,0.03,0.9,-0.0010993541294489484,-0.007078077525089821,-0.001636716443094599
1999-11-01,1999 4Q,1999,3.67,38677.5,37363.0,36945.0,19595.7,2.7,72.81,3500.0,823760.0,24920.0,34180.0,237433.0,296109.0,167365.0,60403.0,85.734,59.108,0.03,0.9,0.0016508460586051044,-0.006247609333163373,-0.0010140616549486614
1999-12-01,1999 4Q,1999,3.7,38677.5,37363.0,36945.0,19595.7,2.7,72.87,3500.0,823760.0,24920.0,34180.0,237433.0,296109.0,167365.0,60403.0,84.742,57.814,0.03,0.9,0.0008240626287598918,-0.011570672078755062,-0.021892129660959547
2000-01-01,2000 1Q,2000,3.96,38264.8,40870.0,41121.0,20523.9,3.4,73.29,4000.0,846649.0,23623.0,33741.0,234997.0,306001.0,181498.0,63439.0,84.777,59.826,0.03,0.9,0.0057636887608070175,0.00041301833801421495,0.034801259210571756
2000-02-01,2000 1Q,2000,3.75,38264.8,40870.0,41121.0,20523.9,3.4,73.65,4000.0,846649.0,23623.0,33741.0,234997.0,306001.0,181498.0,63439.0,84.133,59.749,0.03,0.9,0.004911993450675389,-0.007596399966972256,-0.0012870658242235544
2000-03-01,2000 1Q,2000,3.73,38264.8,40870.0,41121.0,20523.9,3.4,73.36,4000.0,846649.0,23623.0,33741.0,234997.0,306001.0,181498.0,63439.0,84.518,59.572,0.03,0.9,-0.00393754243041422,0.004576087860886924,-0.0029623926760280472
2000-04-01,2000 2Q,2000,3.72,40050.2,40870.0,41121.0,20540.6,3.4,73.39,4000.0,846649.0,23623.0,33741.0,234997.0,306001.0,181498.0,63439.0,85.348,59.167,0.03,0.9,0.00040894220283527183,0.009820393289003526,-0.0067984959376888865
2000-05-01,2000 2Q,2000,3.83,40050.2,40870.0,41121.0,20540.6,3.4,73.28,4000.0,846649.0,23623.0,33741.0,234997.0,306001.0,181498.0,63439.0,83.615,59.717,0.03,0.9,-0.0014988418040604579,-0.02030510381028261,0.009295722277620877
2000-06-01,2000 2Q,2000,3.86,40050.2,40870.0,41121.0,20540.6,3.4,73.36,4000.0,846649.0,23623.0,33741.0,234997.0,306001.0,181498.0,63439.0,83.866,59.393,0.03,0.9,0.0010917030567685337,0.0030018537343778906,-0.0054255907028148975
2000-07-01,2000 3Q,2000,3.88,42949.8,40870.0,41121.0,21299.6,3.4,73.76,4000.0,846649.0,23623.0,33741.0,234997.0,306001.0,181498.0,63439.0,83.765,59.731,0.03,0.9,0.005452562704471253,-0.0012043021009705557,0.005690906335763524
2000-08-01,2000 3Q,2000,3.84,42949.8,40870.0,41121.0,21299.6,3.4,74.22,4000.0,846649.0,23623.0,33741.0,234997.0,306001.0,181498.0,63439.0,85.618,59.603,0.03,0.9,0.00623644251626887,0.02212141109055077,-0.002142940851484143
2000-09-01,2000 3Q,2000,3.72,42949.8,40870.0,41121.0,21299.6,3.4,74.15,4000.0,846649.0,23623.0,33741.0,234997.0,306001.0,181498.0,63439.0,85.442,59.203,0.03,0.9,-0.0009431420102397059,-0.0020556425050807237,-0.006711071590356221
2000-10-01,2000 4Q,2000,3.7,44367.6,40870.0,41121.0,22180.6,3.4,74.19,4000.0,846649.0,23623.0,33741.0,234997.0,306001.0,181498.0,63439.0,85.848,59.473,0.03,0.9,0.000539447066756571,0.004751761428805512,0.004560579700352951
2000-11-01,2000 4Q,2000,3.5,44367.6,40870.0,41121.0,22180.6,3.4,74.53,4000.0,846649.0,23623.0,33741.0,234997.0,306001.0,181498.0,63439.0,87.443,58.905,0.03,0.9,0.004582827874376694,0.018579349548038415,-0.009550552351487163
2000-12-01,2000 4Q,2000,3.44,44367.6,40870.0,41121.0,22180.6,3.4,74.65,4000.0,846649.0,23623.0,33741.0,234997.0,306001.0,181498.0,63439.0,87.937,59.157,0.03,0.9,0.0016100898966859845,0.005649394462678536,0.004278074866310044
2001-01-01,2001 1Q,2001,3.16,41459.4,38620.0,38880.0,22656.2,2.2,75.12,4363.0,863552.0,21812.0,31514.0,233153.0,314610.0,194032.0,64487.0,87.31,58.161,0.03,0.9,0.006296048225050255,-0.007130104506635426,-0.016836553577767588
2001-02-01,2001 1Q,2001,3.01,41459.4,38620.0,38880.0,22656.2,2.2,74.98,4363.0,863552.0,21812.0,31514.0,233153.0,314610.0,194032.0,64487.0,86.9,57.838,0.03,0.9,-0.0018636847710330473,-0.0046959111212918625,-0.0055535496294768505
2001-03-01,2001 1Q,2001,3.11,41459.4,38620.0,38880.0,22656.2,2.2,75.03,4363.0,863552.0,21812.0,31514.0,233153.0,314610.0,194032.0,64487.0,87.374,60.466,0.03,0.9,0.0006668444918644933,0.005454545454545379,0.04543725578339508
2001-04-01,2001 2Q,2001,3.04,40180.2,38620.0,38880.0,21534.3,2.2,75.29,4363.0,863552.0,21812.0,31514.0,233153.0,314610.0,194032.0,64487.0,88.104,57.859,0.03,0.9,0.0034652805544450604,0.008354888181838938,-0.04311513908642872
2001-05-01,2001 2Q,2001,2.96,40180.2,38620.0,38880.0,21534.3,2.2,74.96,4363.0,863552.0,21812.0,31514.0,233153.0,314610.0,194032.0,64487.0,88.476,56.537,0.03,0.9,-0.004383052198167259,0.0042222827567419685,-0.022848649302614987
2001-06-01,2001 2Q,2001,2.97,40180.2,38620.0,38880.0,21534.3,2.2,74.75,4363.0,863552.0,21812.0,31514.0,233153.0,314610.0,194032.0,64487.0,87.88,57.247,0.03,0.9,-0.0028014941302026974,-0.006736290067362982,0.012558147761642768
2001-07-01,2001 3Q,2001,2.92,39432.8,38620.0,38880.0,21842.0,2.2,75.14,4363.0,863552.0,21812.0,31514.0,233153.0,314610.0,194032.0,64487.0,88.841,56.709,0.03,0.9,0.00521739130434784,0.010935366408739267,-0.00939787237759182
2001-08-01,2001 3Q,2001,2.88,39432.8,38620.0,38880.0,21842.0,2.2,75.06,4363.0,863552.0,21812.0,31514.0,233153.0,314610.0,194032.0,64487.0,86.415,56.214,0.03,0.9,-0.0010646792653712378,-0.027307211760335792,-0.008728773210601615
2001-09-01,2001 3Q,2001,2.9,39432.8,38620.0,38880.0,21842.0,2.2,74.94,4363.0,863552.0,21812.0,31514.0,233153.0,314610.0,194032.0,64487.0,85.704,56.655,0.03,0.9,-0.001598721023181482,-0.008227738239889093,0.007845020813320502
2001-10-01,2001 4Q,2001,2.35,39813.2,38620.0,38880.0,21817.8,2.2,74.82,4363.0,863552.0,21812.0,31514.0,233153.0,314610.0,194032.0,64487.0,84.651,57.123,0.03,0.9,-0.0016012810248199338,-0.012286474376925205,0.008260524225575772
2001-11-01,2001 4Q,2001,2.98,39813.2,38620.0,38880.0,21817.8,2.2,74.79,4363.0,863552.0,21812.0,31514.0,233153.0,314610.0,194032.0,64487.0,87.359,57.154,0.03,0.9,-0.000400962309542674,0.0319901714096702,0.0005426885842831908
2001-12-01,2001 4Q,2001,3.42,39813.2,38620.0,38880.0,21817.8,2.2,74.7,4363.0,863552.0,21812.0,31514.0,233153.0,314610.0,194032.0,64487.0,86.006,57.21,0.03,0.9,-0.001203369434416457,-0.015487814649892906,0.0009798089372572427
2002-01-01,2002 1Q,2002,3.36,40549.3,38890.0,39679.0,21464.9,3.4,74.55,4096.0,866071.0,20522.0,30568.0,229505.0,318478.0,199298.0,64899.0,83.478,57.418,0.03,0.9,-0.002008032128514081,-0.02939329814199021,0.0036357280195769004
2002-02-01,2002 1Q,2002,3.11,40549.3,38890.0,39679.0,21464.9,3.4,74.8,4096.0,866071.0,20522.0,30568.0,229505.0,318478.0,199298.0,64899.0,84.648,57.829,0.03,0.9,0.0033534540576793948,0.014015668798964986,0.007158034065972263
2002-03-01,2002 1Q,2002,3.2,40549.3,38890.0,39679.0,21464.9,3.4,74.67,4096.0,866071.0,20522.0,30568.0,229505.0,318478.0,199298.0,64899.0,82.898,57.951,0.03,0.9,-0.0017379679144384763,-0.020673849352613183,0.0021096681595738076
2002-04-01,2002 2Q,2002,2.97,41324.7,38890.0,39679.0,21883.8,3.4,74.72,4096.0,866071.0,20522.0,30568.0,229505.0,318478.0,199298.0,64899.0,83.941,58.487,0.03,0.9,0.0006696129637069337,0.012581726941542692,0.009249193283981327
2002-05-01,2002 2Q,2002,2.95,41324.7,38890.0,39679.0,21883.8,3.4,74.94,4096.0,866071.0,20522.0,30568.0,229505.0,318478.0,199298.0,64899.0,84.428,58.39,0.03,0.9,0.002944325481798682,0.005801694047009143,-0.00165848821105552
2002-06-01,2002 2Q,2002,2.78,41324.7,38890.0,39679.0,21883.8,3.4,74.94,4096.0,866071.0,20522.0,30568.0,229505.0,318478.0,199298.0,64899.0,84.593,58.49,0.03,0.9,0.0,0.0019543279480742637,0.0017126220243193213
2002-07-01,2002 3Q,2002,2.6,41446.2,38890.0,39679.0,22382.2,3.4,75.04,4096.0,866071.0,20522.0,30568.0,229505.0,318478.0,199298.0,64899.0,84.12,58.628,0.03,0.9,0.001334400854016593,-0.0055914792004065905,0.002359377671396823
2002-08-01,2002 3Q,2002,2.46,41446.2,38890.0,39679.0,22382.2,3.4,74.97,4096.0,866071.0,20522.0,30568.0,229505.0,318478.0,199298.0,64899.0,84.241,58.305,0.03,0.9,-0.00093283582089565,0.0014384213029006165,-0.005509312956266665
2002-09-01,2002 3Q,2002,2.43,41446.2,38890.0,39679.0,22382.2,3.4,75.01,4096.0,866071.0,20522.0,30568.0,229505.0,318478.0,199298.0,64899.0,84.688,58.305,0.03,0.9,0.0005335467520342085,0.005306204817131732,0.0
2002-10-01,2002 4Q,2002,2.0,42377.9,38890.0,39679.0,22192.2,3.4,74.98,4096.0,866071.0,20522.0,30568.0,229505.0,318478.0,199298.0,64899.0,84.811,58.714,0.03,0.9,-0.000399946673776852,0.00145238994898933,0.007014835777377604
2002-11-01,2002 4Q,2002,1.89,42377.9,38890.0,39679.0,22192.2,3.4,75.22,4096.0,866071.0,20522.0,30568.0,229505.0,318478.0,199298.0,64899.0,85.339,58.627,0.03,0.9,0.003200853560949568,0.006225607527325261,-0.0014817590353236598
2002-12-01,2002 4Q,2002,1.74,42377.9,38890.0,39679.0,22192.2,3.4,75.29,4096.0,866071.0,20522.0,30568.0,229505.0,318478.0,199298.0,64899.0,85.37,59.102,0.03,0.9,0.0009306035628822151,0.00036325712745655103,0.008102069012570823
2003-01-01,2003 1Q,2003,1.58,42119.5,40244.0,41343.0,22033.8,3.6,75.55,4071.0,874183.0,20321.0,29836.0,228600.0,323390.0,204082.0,65153.0,85.32,59.521,0.03,0.9,0.003453313853101214,-0.0005856858381165786,0.007089438597678743
2003-02-01,2003 1Q,2003,1.43,42119.5,40244.0,41343.0,22033.8,3.6,75.32,4071.0,874183.0,20321.0,29836.0,228600.0,323390.0,204082.0,65153.0,86.62,59.493,0.03,0.9,-0.0030443414956982107,0.015236755743085029,-0.0004704222039280115
2003-03-01,2003 1Q,2003,1.48,42119.5,40244.0,41343.0,22033.8,3.6,75.47,4071.0,874183.0,20321.0,29836.0,228600.0,323390.0,204082.0,65153.0,86.829,59.603,0.03,0.9,0.0019915029208710244,0.00241283768182865,0.001848957020153641
2003-04-01,2003 2Q,2003,1.48,40129.5,40244.0,41343.0,22110.9,3.6,75.83,4071.0,874183.0,20321.0,29836.0,228600.0,323390.0,204082.0,65153.0,87.424,59.816,0.03,0.9,0.004770107327414896,0.006852549263494989,0.003573645621864685
2003-05-01,2003 2Q,2003,1.32,40129.5,40244.0,41343.0,22110.9,3.6,75.31,4071.0,874183.0,20321.0,29836.0,228600.0,323390.0,204082.0,65153.0,87.927,60.144,0.03,0.9,-0.006857444283265179,0.005753568814055532,0.005483482680219254
2003-06-01,2003 2Q,2003,1.41,40129.5,40244.0,41343.0,22110.9,3.6,75.0,4071.0,874183.0,20321.0,29836.0,228600.0,323390.0,204082.0,65153.0,87.95,60.166,0.03,0.9,-0.004116319213915864,0.0002615806293857492,0.0003657887736099319
2003-07-01,2003 3Q,2003,2.06,42593.9,40244.0,41343.0,22172.2,3.6,75.6,4071.0,874183.0,20321.0,29836.0,228600.0,323390.0,204082.0,65153.0,88.043,61.302,0.03,0.9,0.008000000000000007,0.0010574189880614426,0.01888109563540885
2003-08-01,2003 3Q,2003,2.58,42593.9,40244.0,41343.0,22172.2,3.6,75.72,4071.0,874183.0,20321.0,29836.0,228600.0,323390.0,204082.0,65153.0,89.006,61.318,0.03,0.9,0.0015873015873015817,0.010937837193189637,0.0002610029036573813
2003-09-01,2003 3Q,2003,2.5,42593.9,40244.0,41343.0,22172.2,3.6,75.87,4071.0,874183.0,20321.0,29836.0,228600.0,323390.0,204082.0,65153.0,89.099,61.402,0.03,0.9,0.001980982567353573,0.001044873379322686,0.001369907694314998
2003-10-01,2003 4Q,2003,3.1,45275.0,40244.0,41343.0,22019.1,3.6,75.83,4071.0,874183.0,20321.0,29836.0,228600.0,323390.0,204082.0,65153.0,89.005,61.662,0.03,0.9,-0.0005272176090682645,-0.0010550062290262119,0.004234389759291135
2003-11-01,2003 4Q,2003,3.11,45275.0,40244.0,41343.0,22019.1,3.6,75.95,4071.0,874183.0,20321.0,29836.0,228600.0,323390.0,204082.0,65153.0,88.707,61.602,0.03,0.9,0.0015824871422920328,-0.003348126509746696,-0.000973046608932604
2003-12-01,2003 4Q,2003,2.74,45275.0,40244.0,41343.0,22019.1,3.6,76.11,4071.0,874183.0,20321.0,29836.0,228600.0,323390.0,204082.0,65153.0,87.416,61.829,0.03,0.9,0.0021066491112573527,-0.014553530161092065,0.003684945293983999
2004-01-01,2004 1Q,2004,2.35,46629.9,43841.0,46664.0,22908.3,3.6,76.81,4066.0,876985.0,20142.0,29351.0,227125.0,325794.0,206614.0,65158.0,88.04,62.966,0.03,0.9,0.009197214557876698,0.007138281321497297,0.018389428908764494
2004-02-01,2004 1Q,2004,2.25,46629.9,43841.0,46664.0,22908.3,3.6,76.88,4066.0,876985.0,20142.0,29351.0,227125.0,325794.0,206614.0,65158.0,89.676,63.041,0.03,0.9,0.0009113396693138931,0.018582462517037657,0.0011911190166120633
2004-03-01,2004 1Q,2004,2.11,46629.9,43841.0,46664.0,22908.3,3.6,76.98,4066.0,876985.0,20142.0,29351.0,227125.0,325794.0,206614.0,65158.0,91.382,63.332,0.03,0.9,0.0013007284079085135,0.01902404210714126,0.004616043527228442
2004-04-01,2004 2Q,2004,2.26,46731.1,43841.0,46664.0,23223.1,3.6,77.06,4066.0,876985.0,20142.0,29351.0,227125.0,325794.0,206614.0,65158.0,92.259,64.288,0.03,0.9,0.0010392309690827606,0.009597076010592787,0.015095054632729088
2004-05-01,2004 2Q,2004,2.34,46731.1,43841.0,46664.0,23223.1,3.6,77.13,4066.0,876985.0,20142.0,29351.0,227125.0,325794.0,206614.0,65158.0,95.052,64.497,0.03,0.9,0.0009083830781209112,0.03027346925503216,0.0032509955201593943
2004-06-01,2004 2Q,2004,2.4,46731.1,43841.0,46664.0,23223.1,3.6,76.99,4066.0,876985.0,20142.0,29351.0,227125.0,325794.0,206614.0,65158.0,95.064,64.167,0.03,0.9,-0.001815117334370564,0.00012624668602434497,-0.005116517047304536
2004-07-01,2004 3Q,2004,2.27,49227.6,43841.0,46664.0,23846.2,3.6,77.12,4066.0,876985.0,20142.0,29351.0,227125.0,325794.0,206614.0,65158.0,94.516,64.162,0.03,0.9,0.0016885309780492186,-0.005764537574686424,-7.792167313414033e-05
2004-08-01,2004 3Q,2004,2.28,49227.6,43841.0,46664.0,23846.2,3.6,77.05,4066.0,876985.0,20142.0,29351.0,227125.0,325794.0,206614.0,65158.0,95.864,64.104,0.03,0.9,-0.0009076763485478256,0.014262135511447838,-0.0009039618465759292
2004-09-01,2004 3Q,2004,2.42,49227.6,43841.0,46664.0,23846.2,3.6,77.38,4066.0,876985.0,20142.0,29351.0,227125.0,325794.0,206614.0,65158.0,95.241,63.831,0.03,0.9,0.004282933160285607,-0.006498789952432693,-0.004258704605016761
2004-10-01,2004 4Q,2004,2.31,51844.4,43841.0,46664.0,24974.8,3.6,77.37,4066.0,876985.0,20142.0,29351.0,227125.0,325794.0,206614.0,65158.0,95.008,63.923,0.03,0.9,-0.0001292323597827938,-0.002446425384025841,0.0014413059485203217
2004-11-01,2004 4Q,2004,2.21,51844.4,43841.0,46664.0,24974.8,3.6,77.47,4066.0,876985.0,20142.0,29351.0,227125.0,325794.0,206614.0,65158.0,94.829,64.009,0.03,0.9,0.0012924906294429217,-0.0018840518693162833,0.0013453686466529113
2004-12-01,2004 4Q,2004,2.07,51844.4,43841.0,46664.0,24974.8,3.6,77.4,4066.0,876985.0,20142.0,29351.0,227125.0,325794.0,206614.0,65158.0,94.929,64.284,0.03,0.9,-0.0009035755776428678,0.001054529732466003,0.00429627083691364
2005-01-01,2005 1Q,2005,2.26,50503.1,47046.0,49867.0,25543.3,3.3,77.59,4270.0,877546.0,20143.0,29351.0,223309.0,329141.0,207633.0,65151.0,94.76,64.776,0.03,0.9,0.0024547803617571695,-0.0017802778918981632,0.007653537427664503
2005-02-01,2005 1Q,2005,2.46,50503.1,47046.0,49867.0,25543.3,3.3,77.66,4270.0,877546.0,20143.0,29351.0,223309.0,329141.0,207633.0,65151.0,96.863,64.989,0.03,0.9,0.0009021781157365627,0.022192908400168854,0.003288254909225685
2005-03-01,2005 1Q,2005,2.7,50503.1,47046.0,49867.0,25543.3,3.3,77.8,4270.0,877546.0,20143.0,29351.0,223309.0,329141.0,207633.0,65151.0,97.062,65.274,0.03,0.9,0.0018027298480556286,0.00205444803485344,0.004385357522042055
2005-04-01,2005 2Q,2005,2.45,51193.3,47046.0,49867.0,25509.2,3.3,77.8,4270.0,877546.0,20143.0,29351.0,223309.0,329141.0,207633.0,65151.0,99.472,65.381,0.03,0.9,0.0,0.024829490428798007,0.001639243803045698
2005-05-01,2005 2Q,2005,2.33,51193.3,47046.0,49867.0,25509.2,3.3,77.75,4270.0,877546.0,20143.0,29351.0,223309.0,329141.0,207633.0,65151.0,101.742,65.409,0.03,0.9,-0.0006426735218508783,0.022820492198809772,0.0004282589743198617
2005-06-01,2005 2Q,2005,2.25,51193.3,47046.0,49867.0,25509.2,3.3,77.57,4270.0,877546.0,20143.0,29351.0,223309.0,329141.0,207633.0,65151.0,102.992,65.033,0.03,0.9,-0.0023151125401930095,0.012285978258732788,-0.00574844440367539
2005-07-01,2005 3Q,2005,2.2,53712.8,47046.0,49867.0,26502.0,3.3,78.0,4270.0,877546.0,20143.0,29351.0,223309.0,329141.0,207633.0,65151.0,103.853,64.801,0.03,0.9,0.005543380172747359,0.00835987261146487,-0.003567419617732548
2005-08-01,2005 3Q,2005,2.39,53712.8,47046.0,49867.0,26502.0,3.3,78.24,4270.0,877546.0,20143.0,29351.0,223309.0,329141.0,207633.0,65151.0,104.039,64.71,0.03,0.9,0.003076923076922977,0.00179099303823671,-0.0014042993163686512
2005-09-01,2005 3Q,2005,2.59,53712.8,47046.0,49867.0,26502.0,3.3,78.29,4270.0,877546.0,20143.0,29351.0,223309.0,329141.0,207633.0,65151.0,104.277,64.99,0.03,0.9,0.0006390593047036486,0.0022876036870789207,0.004326997372894548
2005-10-01,2005 4Q,2005,2.8,57313.8,47046.0,49867.0,27222.5,3.3,78.72,4270.0,877546.0,20143.0,29351.0,223309.0,329141.0,207633.0,65151.0,104.769,65.204,0.03,0.9,0.005492400051092083,0.0047182024799332645,0.00329281427911976
2005-11-01,2005 4Q,2005,3.08,57313.8,47046.0,49867.0,27222.5,3.3,78.89,4270.0,877546.0,20143.0,29351.0,223309.0,329141.0,207633.0,65151.0,105.017,65.228,0.03,0.9,0.0021595528455284896,0.0023671124092048412,0.0003680755781854117
2005-12-01,2005 4Q,2005,3.01,57313.8,47046.0,49867.0,27222.5,3.3,78.95,4270.0,877546.0,20143.0,29351.0,223309.0,329141.0,207633.0,65151.0,104.595,65.651,0.03,0.9,0.0007605526682723518,-0.004018397021434583,0.006484945115594609
2006-01-01,2006 1Q,2006,3.18,55792.4,52201.0,53655.0,27812.8,2.7,79.38,4430.0,878820.0,20145.0,28715.0,222474.0,331486.0,207944.0,65148.0,104.447,64.632,0.03,0.9,0.005446485117162725,-0.0014149815956785439,-0.015521469589191206
2006-02-01,2006 1Q,2006,3.29,55792.4,52201.0,53655.0,27812.8,2.7,79.23,4430.0,878820.0,20145.0,28715.0,222474.0,331486.0,207944.0,65148.0,104.636,64.31,0.03,0.9,-0.0018896447467875443,0.0018095301923461982,-0.004982052234187462
2006-03-01,2006 1Q,2006,3.35,55792.4,52201.0,53655.0,27812.8,2.7,79.22,4430.0,878820.0,20145.0,28715.0,222474.0,331486.0,207944.0,65148.0,104.541,63.857,0.03,0.9,-0.00012621481761965203,-0.000907909323750844,-0.007044005597885317
2006-04-01,2006 2Q,2006,3.23,57286.5,52201.0,53655.0,30056.4,2.7,79.18,4430.0,878820.0,20145.0,28715.0,222474.0,331486.0,207944.0,65148.0,105.903,63.319,0.03,0.9,-0.0005049229992425408,0.0130283812092864,-0.0084250747764536
2006-05-01,2006 2Q,2006,3.21,57286.5,52201.0,53655.0,30056.4,2.7,79.07,4430.0,878820.0,20145.0,28715.0,222474.0,331486.0,207944.0,65148.0,106.353,63.51,0.03,0.9,-0.001389239706996892,0.004249171411574659,0.0030164721489600588
2006-06-01,2006 2Q,2006,3.38,57286.5,52201.0,53655.0,30056.4,2.7,78.96,4430.0,878820.0,20145.0,28715.0,222474.0,331486.0,207944.0,65148.0,106.523,64.101,0.03,0.9,-0.001391172378904737,0.0015984504433348423,0.009305621162021716
2006-07-01,2006 3Q,2006,3.3,59703.4,52201.0,53655.0,28794.5,2.7,79.35,4430.0,878820.0,20145.0,28715.0,222474.0,331486.0,207944.0,65148.0,106.611,64.816,0.03,0.9,0.004939209726443794,0.000826112670503143,0.011154272164240808
2006-08-01,2006 3Q,2006,3.27,59703.4,52201.0,53655.0,28794.5,2.7,79.47,4430.0,878820.0,20145.0,28715.0,222474.0,331486.0,207944.0,65148.0,106.56,64.66,0.03,0.9,0.0015122873345936316,-0.00047837465177136274,-0.0024068131325599706
2006-09-01,2006 3Q,2006,3.1,59703.4,52201.0,53655.0,28794.5,2.7,79.48,4430.0,878820.0,20145.0,28715.0,222474.0,331486.0,207944.0,65148.0,106.601,64.866,0.03,0.9,0.00012583364791751706,0.0003847597597597119,0.003185895453139631
2006-10-01,2006 4Q,2006,3.11,63376.5,52201.0,53655.0,29944.3,2.7,79.78,4430.0,878820.0,20145.0,28715.0,222474.0,331486.0,207944.0,65148.0,106.564,64.413,0.03,0.9,0.0037745344740816034,-0.00034708867646648933,-0.006983627786513735
2006-11-01,2006 4Q,2006,3.01,63376.5,52201.0,53655.0,29944.3,2.7,80.02,4430.0,878820.0,20145.0,28715.0,222474.0,331486.0,207944.0,65148.0,106.473,64.472,0.03,0.9,0.003008272750062657,-0.0008539469239141617,0.0009159641687237485
2006-12-01,2006 4Q,2006,3.03,63376.5,52201.0,53655.0,29944.3,2.7,80.22,4430.0,878820.0,20145.0,28715.0,222474.0,331486.0,207944.0,65148.0,106.618,64.595,0.03,0.9,0.0024993751562110145,0.0013618476045569317,0.001907804938578117
2007-01-01,2007 1Q,2007,3.07,63562.0,57866.0,59429.0,30472.9,2.3,80.29,4846.0,883448.0,20161.0,28796.0,222693.0,335355.0,208270.0,65069.0,106.583,64.719,0.03,0.9,0.0008726003490402423,-0.00032827477536623295,0.001919653223933615
2007-02-01,2007 1Q,2007,2.99,63562.0,57866.0,59429.0,30472.9,2.3,80.35,4846.0,883448.0,20161.0,28796.0,222693.0,335355.0,208270.0,65069.0,106.43,65.401,0.03,0.9,0.0007472910698715918,-0.001435500971074144,0.010537863687634319
2007-03-01,2007 1Q,2007,2.7,63562.0,57866.0,59429.0,30472.9,2.3,80.23,4846.0,883448.0,20161.0,28796.0,222693.0,335355.0,208270.0,65069.0,106.648,65.387,0.03,0.9,-0.0014934660858741955,0.0020482946537629942,-0.00021406400513745982
2007-04-01,2007 2Q,2007,2.47,66974.0,57866.0,59429.0,32064.7,2.3,80.13,4846.0,883448.0,20161.0,28796.0,222693.0,335355.0,208270.0,65069.0,106.514,66.439,0.03,0.9,-0.0012464165524119775,-0.001256469882229383,0.016088824995794226
2007-05-01,2007 2Q,2007,2.62,66974.0,57866.0,59429.0,32064.7,2.3,80.2,4846.0,883448.0,20161.0,28796.0,222693.0,335355.0,208270.0,65069.0,107.314,68.784,0.03,0.9,0.0008735804317985263,0.007510749760594848,0.03529553424946208
2007-06-01,2007 2Q,2007,2.58,66974.0,57866.0,59429.0,32064.7,2.3,80.21,4846.0,883448.0,20161.0,28796.0,222693.0,335355.0,208270.0,65069.0,107.506,69.357,0.03,0.9,0.00012468827930156579,0.0017891421436160293,0.008330425680390663
2007-07-01,2007 3Q,2007,2.7,70005.2,57866.0,59429.0,32222.0,2.3,81.31,4846.0,883448.0,20161.0,28796.0,222693.0,335355.0,208270.0,65069.0,107.46,69.658,0.03,0.9,0.013714000748036526,-0.00042788309489705245,0.0043398647577028715
2007-08-01,2007 3Q,2007,2.65,70005.2,57866.0,59429.0,32222.0,2.3,81.5,4846.0,883448.0,20161.0,28796.0,222693.0,335355.0,208270.0,65069.0,108.098,71.048,0.03,0.9,0.002336735948837765,0.0059370928717663585,0.0199546355048954
2007-09-01,2007 3Q,2007,2.53,70005.2,57866.0,59429.0,32222.0,2.3,81.67,4846.0,883448.0,20161.0,28796.0,222693.0,335355.0,208270.0,65069.0,109.304,71.307,0.03,0.9,0.002085889570552224,0.01115654313678327,0.0036454228127462684
2007-10-01,2007 4Q,2007,2.54,72156.4,57866.0,59429.0,33059.9,2.3,82.12,4846.0,883448.0,20161.0,28796.0,222693.0,335355.0,208270.0,65069.0,109.174,71.229,0.03,0.9,0.005509979184523006,-0.0011893434823976312,-0.0010938617527030958
2007-11-01,2007 4Q,2007,2.44,72156.4,57866.0,59429.0,33059.9,2.3,82.61,4846.0,883448.0,20161.0,28796.0,222693.0,335355.0,208270.0,65069.0,110.027,71.405,0.03,0.9,0.005966877739892684,0.007813215600783963,0.0024709037049517324
2007-12-01,2007 4Q,2007,2.33,72156.4,57866.0,59429.0,33059.9,2.3,83.72,4846.0,883448.0,20161.0,28796.0,222693.0,335355.0,208270.0,65069.0,110.054,71.735,0.03,0.9,0.013436629947948253,0.0002453943123050806,0.004621525103283952
2008-01-01,2008 1Q,2008,1.58,68713.8,54524.0,56607.0,33501.6,2.2,84.29,5492.0,884920.0,20086.0,29559.0,221824.0,336782.0,208492.0,65073.0,114.49,71.723,0.03,0.9,0.006808408982322156,0.04030748541625018,-0.0001672823586812422
2008-02-01,2008 1Q,2008,1.65,68713.8,54524.0,56607.0,33501.6,2.2,84.58,5492.0,884920.0,20086.0,29559.0,221824.0,336782.0,208492.0,65073.0,116.722,72.535,0.03,0.9,0.00344050302526977,0.01949515241505817,0.011321333463463645
2008-03-01,2008 1Q,2008,1.64,68713.8,54524.0,56607.0,33501.6,2.2,84.73,5492.0,884920.0,20086.0,29559.0,221824.0,336782.0,208492.0,65073.0,137.116,74.312,0.03,0.9,0.001773468905178488,0.1747228457360226,0.02449851795684843
2008-04-01,2008 2Q,2008,1.82,68444.9,54524.0,56607.0,33715.7,2.2,85.28,5492.0,884920.0,20086.0,29559.0,221824.0,336782.0,208492.0,65073.0,134.612,75.36,0.03,0.9,0.006491207364569762,-0.01826190962396812,0.014102702120788013
2008-05-01,2008 2Q,2008,2.62,68444.9,54524.0,56607.0,33715.7,2.2,85.38,5492.0,884920.0,20086.0,29559.0,221824.0,336782.0,208492.0,65073.0,134.653,75.254,0.03,0.9,0.0011726078799247919,0.0003045790865598974,-0.0014065817409765202
2008-06-01,2008 2Q,2008,2.64,68444.9,54524.0,56607.0,33715.7,2.2,85.43,5492.0,884920.0,20086.0,29559.0,221824.0,336782.0,208492.0,65073.0,134.674,81.161,0.03,0.9,0.0005856172405716009,0.00015595642132004706,0.07849416642304718
2008-07-01,2008 3Q,2008,2.01,70075.9,54524.0,56607.0,35315.1,2.2,85.9,5492.0,884920.0,20086.0,29559.0,221824.0,336782.0,208492.0,65073.0,134.5,84.237,0.03,0.9,0.005501580241133119,-0.0012920088510032235,0.0378999765897412
2008-08-01,2008 3Q,2008,2.19,70075.9,54524.0,56607.0,35315.1,2.2,86.23,5492.0,884920.0,20086.0,29559.0,221824.0,336782.0,208492.0,65073.0,135.368,86.29,0.03,0.9,0.0038416763678696952,0.006453531598513029,0.02437171314268083
2008-09-01,2008 3Q,2008,2.4,70075.9,54524.0,56607.0,35315.1,2.2,86.25,5492.0,884920.0,20086.0,29559.0,221824.0,336782.0,208492.0,65073.0,149.39,86.223,0.03,0.9,0.00023193784065855816,0.10358430352816028,-0.000776451500753339
2008-10-01,2008 4Q,2008,2.02,66707.0,54524.0,56607.0,33774.6,2.2,87.14,5492.0,884920.0,20086.0,29559.0,221824.0,336782.0,208492.0,65073.0,150.684,85.779,0.03,0.9,0.010318840579710109,0.00866189169288445,-0.005149438084965707
2008-11-01,2008 4Q,2008,1.53,66707.0,54524.0,56607.0,33774.6,2.2,87.18,5492.0,884920.0,20086.0,29559.0,221824.0,336782.0,208492.0,65073.0,152.172,84.827,0.03,0.9,0.00045903144365389004,0.009874970136179106,-0.011098287459634593
2008-12-01,2008 4Q,2008,1.4,66707.0,54524.0,56607.0,33774.6,2.2,87.25,5492.0,884920.0,20086.0,29559.0,221824.0,336782.0,208492.0,65073.0,152.507,83.514,0.03,0.9,0.000802936453314862,0.002201456246878619,-0.015478562250226924
2009-01-01,2009 1Q,2009,1.4,64780.7,53683.0,56619.0,34925.6,3.2,86.57,5360.0,888143.0,20041.0,29680.0,220696.0,339782.0,209764.0,65076.0,150.88,82.024,0.03,0.9,-0.00779369627507176,-0.010668362763676442,-0.01784132001820049
2009-02-01,2009 1Q,2009,1.08,64780.7,53683.0,56619.0,34925.6,3.2,86.21,5360.0,888143.0,20041.0,29680.0,220696.0,339782.0,209764.0,65076.0,149.577,81.686,0.03,0.9,-0.004158484463440026,-0.008636002120890773,-0.0041207451477615065
2009-03-01,2009 1Q,2009,1.42,64780.7,53683.0,56619.0,34925.6,3.2,86.33,5360.0,888143.0,20041.0,29680.0,220696.0,339782.0,209764.0,65076.0,145.123,79.485,0.03,0.9,0.0013919498898040672,-0.02977730533437628,-0.026944641676664438
2009-04-01,2009 2Q,2009,1.34,68325.9,53683.0,56619.0,34579.9,3.2,85.5,5360.0,888143.0,20041.0,29680.0,220696.0,339782.0,209764.0,65076.0,144.186,75.821,0.03,0.9,-0.009614270821267201,-0.006456591994377092,-0.04609674781405293
2009-05-01,2009 2Q,2009,1.29,68325.9,53683.0,56619.0,34579.9,3.2,85.31,5360.0,888143.0,20041.0,29680.0,220696.0,339782.0,209764.0,65076.0,141.119,72.649,0.03,0.9,-0.0022222222222222365,-0.021271135893914828,-0.0418353754236952
2009-06-01,2009 2Q,2009,1.45,68325.9,53683.0,56619.0,34579.9,3.2,85.17,5360.0,888143.0,20041.0,29680.0,220696.0,339782.0,209764.0,65076.0,134.067,73.192,0.03,0.9,-0.0016410737310983414,-0.04997200943884239,0.007474294209142585
2009-07-01,2009 3Q,2009,1.32,72667.9,53683.0,56619.0,34509.4,3.2,85.45,5360.0,888143.0,20041.0,29680.0,220696.0,339782.0,209764.0,65076.0,135.205,73.379,0.03,0.9,0.003287542561934975,0.008488293166849514,0.002554924035413908
2009-08-01,2009 3Q,2009,1.32,72667.9,53683.0,56619.0,34509.4,3.2,85.51,5360.0,888143.0,20041.0,29680.0,220696.0,339782.0,209764.0,65076.0,129.459,73.086,0.03,0.9,0.000702165008777067,-0.04249842831256245,-0.0039929680153723
2009-09-01,2009 3Q,2009,1.43,72667.9,53683.0,56619.0,34509.4,3.2,85.49,5360.0,888143.0,20041.0,29680.0,220696.0,339782.0,209764.0,65076.0,125.246,74.046,0.03,0.9,-0.00023389077300917105,-0.0325431217605574,0.013135210573844702
2009-10-01,2009 4Q,2009,1.33,76620.0,53683.0,56619.0,35007.8,3.2,85.93,5360.0,888143.0,20041.0,29680.0,220696.0,339782.0,209764.0,65076.0,114.188,73.403,0.03,0.9,0.005146800795414741,-0.088290244798237,-0.008683791156848475
2009-11-01,2009 4Q,2009,1.31,76620.0,53683.0,56619.0,35007.8,3.2,85.94,5360.0,888143.0,20041.0,29680.0,220696.0,339782.0,209764.0,65076.0,116.527,73.081,0.03,0.9,0.00011637379262174896,0.02048376361789339,-0.0043867416863071496
2009-12-01,2009 4Q,2009,1.28,76620.0,53683.0,56619.0,35007.8,3.2,85.99,5360.0,888143.0,20041.0,29680.0,220696.0,339782.0,209764.0,65076.0,113.74,72.407,0.03,0.9,0.0005818012566907171,-0.023917203738189508,-0.009222643368317462
2010-01-01,2010 1Q,2010,1.26,77863.0,63712.0,64408.0,36311.5,2.2,86.1,5600.0,898532.0,21973.0,30739.0,222191.0,344596.0,210289.0,65079.0,112.695,69.174,0.03,0.9,0.0012792185137806555,-0.00918762088974856,-0.04465037910699232
2010-02-01,2010 1Q,2010,1.3,77863.0,63712.0,64408.0,36311.5,2.2,86.57,5600.0,898532.0,21973.0,30739.0,222191.0,344596.0,210289.0,65079.0,110.04,68.586,0.03,0.9,0.005458768873402908,-0.023559164115532938,-0.00850030358227094
2010-03-01,2010 1Q,2010,1.28,77863.0,63712.0,64408.0,36311.5,2.2,86.64,5600.0,898532.0,21973.0,30739.0,222191.0,344596.0,210289.0,65079.0,108.263,70.188,0.03,0.9,0.0008085942012245884,-0.016148673209741893,0.02335753652348882
2010-04-01,2010 2Q,2010,1.08,81173.4,63712.0,64408.0,37270.6,2.2,86.83,5600.0,898532.0,21973.0,30739.0,222191.0,344596.0,210289.0,65079.0,107.529,71.272,0.03,0.9,0.002192982456140413,-0.006779786261234322,0.0154442354818487
2010-05-01,2010 2Q,2010,0.91,81173.4,63712.0,64408.0,37270.6,2.2,86.78,5600.0,898532.0,21973.0,30739.0,222191.0,344596.0,210289.0,65079.0,107.871,74.13,0.03,0.9,-0.0005758378440631207,0.0031805373434143913,0.04009989897856081
2010-06-01,2010 2Q,2010,0.76,81173.4,63712.0,64408.0,37270.6,2.2,86.66,5600.0,898532.0,21973.0,30739.0,222191.0,344596.0,210289.0,65079.0,108.781,73.709,0.03,0.9,-0.0013828070984098773,0.008436002261961173,-0.0056792121947928376
2010-07-01,2010 3Q,2010,0.59,81849.2,63712.0,64408.0,38551.9,2.2,87.18,5600.0,898532.0,21973.0,30739.0,222191.0,344596.0,210289.0,65079.0,107.139,72.913,0.03,0.9,0.006000461573967275,-0.015094547761098087,-0.010799223975362704
2010-08-01,2010 3Q,2010,0.68,81849.2,63712.0,64408.0,38551.9,2.2,87.52,5600.0,898532.0,21973.0,30739.0,222191.0,344596.0,210289.0,65079.0,105.521,71.972,0.03,0.9,0.0038999770589582816,-0.015101877000905373,-0.012905791834103675
2010-09-01,2010 3Q,2010,0.88,81849.2,63712.0,64408.0,38551.9,2.2,87.5,5600.0,898532.0,21973.0,30739.0,222191.0,344596.0,210289.0,65079.0,101.931,71.948,0.03,0.9,-0.00022851919561239775,-0.03402166393419326,-0.00033346301339409745
2010-10-01,2010 4Q,2010,0.89,86094.5,63712.0,64408.0,39537.9,2.2,87.63,5600.0,898532.0,21973.0,30739.0,222191.0,344596.0,210289.0,65079.0,100.623,71.681,0.03,0.9,0.0014857142857143124,-0.012832210024428248,-0.0037110135097569996
2010-11-01,2010 4Q,2010,1.18,86094.5,63712.0,64408.0,39537.9,2.2,87.81,5600.0,898532.0,21973.0,30739.0,222191.0,344596.0,210289.0,65079.0,99.8,71.297,0.03,0.9,0.002054091064704,-0.008179044552438341,-0.005357068121259467
2010-12-01,2010 4Q,2010,1.4,86094.5,63712.0,64408.0,39537.9,2.2,87.8,5600.0,898532.0,21973.0,30739.0,222191.0,344596.0,210289.0,65079.0,100.229,70.832,0.03,0.9,-0.0001138822457579236,0.0042985971943887424,-0.006522013548957206
2011-01-01,2011 1Q,2011,1.16,86497.1,65454.0,67783.0,39787.4,2.0,87.82,6307.0,914102.0,24207.0,32319.0,222024.0,353690.0,213096.0,65076.0,103.194,74.937,0.03,0.9,0.0002277904328018554,0.029582256632312065,0.057954032075898
2011-02-01,2011 1Q,2011,1.15,86497.1,65454.0,67783.0,39787.4,2.0,88.1,6307.0,914102.0,24207.0,32319.0,222024.0,353690.0,213096.0,65076.0,102.023,75.665,0.03,0.9,0.003188339785925809,-0.011347558966606663,0.009714827121448888
2011-03-01,2011 1Q,2011,1.19,86497.1,65454.0,67783.0,39787.4,2.0,88.21,6307.0,914102.0,24207.0,32319.0,222024.0,353690.0,213096.0,65076.0,102.724,75.743,0.03,0.9,0.0012485811577751527,0.006870999676543699,0.0010308597105661566
2011-04-01,2011 2Q,2011,1.1,86275.4,65454.0,67783.0,42197.9,2.0,88.74,6307.0,914102.0,24207.0,32319.0,222024.0,353690.0,213096.0,65076.0,100.697,77.015,0.03,0.9,0.006008389071533893,-0.01973248705268482,0.01679363109462262
2011-05-01,2011 2Q,2011,1.14,86275.4,65454.0,67783.0,42197.9,2.0,88.63,6307.0,914102.0,24207.0,32319.0,222024.0,353690.0,213096.0,65076.0,101.893,79.105,0.03,0.9,-0.0012395762902862595,0.011877215805833341,0.02713757060312938
2011-06-01,2011 2Q,2011,0.99,86275.4,65454.0,67783.0,42197.9,2.0,88.63,6307.0,914102.0,24207.0,32319.0,222024.0,353690.0,213096.0,65076.0,102.063,81.159,0.03,0.9,0.0,0.001668416868676026,0.02596548890714878
2011-07-01,2011 3Q,2011,0.59,88171.1,65454.0,67783.0,40797.2,2.0,89.05,6307.0,914102.0,24207.0,32319.0,222024.0,353690.0,213096.0,65076.0,101.924,81.481,0.03,0.9,0.004738801760126421,-0.0013619039220873486,0.00396752054608851
2011-08-01,2011 3Q,2011,0.5,88171.1,65454.0,67783.0,40797.2,2.0,89.41,6307.0,914102.0,24207.0,32319.0,222024.0,353690.0,213096.0,65076.0,102.261,82.735,0.03,0.9,0.004042672655811375,0.00330638514971926,0.01539009094144661
2011-09-01,2011 3Q,2011,0.53,88171.1,65454.0,67783.0,40797.2,2.0,89.38,6307.0,914102.0,24207.0,32319.0,222024.0,353690.0,213096.0,65076.0,103.609,82.689,0.03,0.9,-0.0003355329381501404,0.013181955975396287,-0.0005559920227232729
2011-10-01,2011 4Q,2011,0.59,90424.3,65454.0,67783.0,42072.9,2.0,89.65,6307.0,914102.0,24207.0,32319.0,222024.0,353690.0,213096.0,65076.0,106.359,83.666,0.03,0.9,0.0030208100246140734,0.026542095763881557,0.011815356335183713
2011-11-01,2011 4Q,2011,0.58,90424.3,65454.0,67783.0,42072.9,2.0,89.9,6307.0,914102.0,24207.0,32319.0,222024.0,353690.0,213096.0,65076.0,107.208,83.654,0.03,0.9,0.002788622420524245,0.007982399232787207,-0.00014342743766881938
2011-12-01,2011 4Q,2011,0.6,90424.3,65454.0,67783.0,42072.9,2.0,90.12,6307.0,914102.0,24207.0,32319.0,222024.0,353690.0,213096.0,65076.0,107.983,83.432,0.03,0.9,0.002447163515016726,0.007228938138944985,-0.002653788222918174
2012-01-01,2012 1Q,2012,0.49,91158.7,66330.0,69417.0,43188.7,1.9,90.9,6772.0,922493.0,25186.0,33744.0,222257.0,357566.0,214710.0,65077.0,111.383,83.243,0.03,0.9,0.008655126498002597,0.03148643768000503,-0.002265317863649474
2012-02-01,2012 1Q,2012,0.62,91158.7,66330.0,69417.0,43188.7,1.9,90.71,6772.0,922493.0,25186.0,33744.0,222257.0,357566.0,214710.0,65077.0,109.914,82.721,0.03,0.9,-0.0020902090209021784,-0.013188727184579307,-0.006270797544538187
2012-03-01,2012 1Q,2012,0.64,91158.7,66330.0,69417.0,43188.7,1.9,90.8,6772.0,922493.0,25186.0,33744.0,222257.0,357566.0,214710.0,65077.0,110.386,84.562,0.03,0.9,0.0009921728585602363,0.004294266426478899,0.022255533661343474
2012-04-01,2012 2Q,2012,0.54,92559.5,66330.0,69417.0,44617.2,1.9,91.13,6772.0,922493.0,25186.0,33744.0,222257.0,357566.0,214710.0,65077.0,110.345,84.784,0.03,0.9,0.0036343612334801545,-0.0003714239124525953,0.0026252926846574987
2012-05-01,2012 2Q,2012,0.55,92559.5,66330.0,69417.0,44617.2,1.9,91.02,6772.0,922493.0,25186.0,33744.0,222257.0,357566.0,214710.0,65077.0,110.021,83.611,0.03,0.9,-0.0012070668276088492,-0.002936245412116567,-0.013835157576901347
2012-06-01,2012 2Q,2012,0.42,92559.5,66330.0,69417.0,44617.2,1.9,90.99,6772.0,922493.0,25186.0,33744.0,222257.0,357566.0,214710.0,65077.0,112.522,83.82,0.03,0.9,-0.0003295978905735186,0.022732023886349095,0.002499671095908207
2012-07-01,2012 3Q,2012,0.43,90177.1,66330.0,69417.0,45488.2,1.9,91.2,6772.0,922493.0,25186.0,33744.0,222257.0,357566.0,214710.0,65077.0,111.665,84.515,0.03,0.9,0.002307945928124111,-0.007616288370274282,0.008291577189215138
2012-08-01,2012 3Q,2012,0.4,90177.1,66330.0,69417.0,45488.2,1.9,91.42,6772.0,922493.0,25186.0,33744.0,222257.0,357566.0,214710.0,65077.0,111.284,85.21,0.03,0.9,0.0024122807017543657,-0.0034119912237495775,0.00822339229722524
2012-09-01,2012 3Q,2012,0.42,90177.1,66330.0,69417.0,45488.2,1.9,91.52,6772.0,922493.0,25186.0,33744.0,222257.0,357566.0,214710.0,65077.0,111.631,85.12,0.03,0.9,0.0010938525486763329,0.00311814816146061,-0.0010562140593826097
2012-10-01,2012 4Q,2012,0.38,94875.2,66330.0,69417.0,46476.6,1.9,91.65,6772.0,922493.0,25186.0,33744.0,222257.0,357566.0,214710.0,65077.0,111.134,84.759,0.03,0.9,0.0014204545454545858,-0.0044521683045032345,-0.004241071428571441
2012-11-01,2012 4Q,2012,0.41,94875.2,66330.0,69417.0,46476.6,1.9,91.68,6772.0,922493.0,25186.0,33744.0,222257.0,357566.0,214710.0,65077.0,110.775,84.723,0.03,0.9,0.0003273322422259195,-0.003230334551082459,-0.00042473365660289364
2012-12-01,2012 4Q,2012,0.31,94875.2,66330.0,69417.0,46476.6,1.9,91.84,6772.0,922493.0,25186.0,33744.0,222257.0,357566.0,214710.0,65077.0,110.991,84.726,0.03,0.9,0.0017452006980802626,0.0019498984427894772,3.540951099467726e-05
2013-01-01,2013 1Q,2013,0.4,93871.2,67444.0,71283.0,46955.3,2.0,92.01,7030.0,933278.0,25384.0,35562.0,223461.0,363043.0,216209.0,65074.0,109.587,86.256,0.03,0.9,0.0018510452961673085,-0.01264967429791597,0.01805821117484596
2013-02-01,2013 1Q,2013,0.37,93871.2,67444.0,71283.0,46955.3,2.0,92.41,7030.0,933278.0,25384.0,35562.0,223461.0,363043.0,216209.0,65074.0,110.07,86.856,0.03,0.9,0.004347353548527222,0.004407457088888123,0.006956037840845752
2013-03-01,2013 1Q,2013,0.54,93871.2,67444.0,71283.0,46955.3,2.0,92.33,7030.0,933278.0,25384.0,35562.0,223461.0,363043.0,216209.0,65074.0,109.777,87.277,0.03,0.9,-0.000865707174548147,-0.0026619424002906067,0.00484710325135862
2013-04-01,2013 2Q,2013,0.47,95558.7,67444.0,71283.0,47466.6,2.0,92.37,7030.0,933278.0,25384.0,35562.0,223461.0,363043.0,216209.0,65074.0,109.399,86.281,0.03,0.9,0.0004332286364130411,-0.0034433442342203247,-0.011411941290374261
2013-05-01,2013 2Q,2013,0.96,95558.7,67444.0,71283.0,47466.6,2.0,92.52,7030.0,933278.0,25384.0,35562.0,223461.0,363043.0,216209.0,65074.0,109.739,87.23,0.03,0.9,0.0016239038648910853,0.003107889468825231,0.010998945306614383
2013-06-01,2013 2Q,2013,1.17,95558.7,67444.0,71283.0,47466.6,2.0,92.54,7030.0,933278.0,25384.0,35562.0,223461.0,363043.0,216209.0,65074.0,110.576,88.937,0.03,0.9,0.00021616947687008725,0.00762718814642005,0.019568955634529317
2013-07-01,2013 3Q,2013,0.88,95966.9,67444.0,71283.0,48278.0,2.0,92.62,7030.0,933278.0,25384.0,35562.0,223461.0,363043.0,216209.0,65074.0,111.541,90.329,0.03,0.9,0.0008644910309054676,0.008727029373462702,0.015651528610139742
2013-08-01,2013 3Q,2013,1.08,95966.9,67444.0,71283.0,48278.0,2.0,93.05,7030.0,933278.0,25384.0,35562.0,223461.0,363043.0,216209.0,65074.0,111.435,92.242,0.03,0.9,0.004642625782768306,-0.0009503231995409145,0.02117813769664245
2013-09-01,2013 3Q,2013,0.92,95966.9,67444.0,71283.0,48278.0,2.0,93.08,7030.0,933278.0,25384.0,35562.0,223461.0,363043.0,216209.0,65074.0,111.637,92.486,0.03,0.9,0.0003224073078988976,0.001812715933055209,0.0026452158452765495
2013-10-01,2013 4Q,2013,0.69,99473.5,67444.0,71283.0,49348.7,2.0,93.33,7030.0,933278.0,25384.0,35562.0,223461.0,363043.0,216209.0,65074.0,110.976,92.384,0.03,0.9,0.0026858616244092026,-0.005920976020495017,-0.0011028696235105828
2013-11-01,2013 4Q,2013,0.63,99473.5,67444.0,71283.0,49348.7,2.0,93.63,7030.0,933278.0,25384.0,35562.0,223461.0,363043.0,216209.0,65074.0,110.584,91.952,0.03,0.9,0.0032144005143039944,-0.0035322952710495903,-0.004676134395566356
2013-12-01,2013 4Q,2013,1.08,99473.5,67444.0,71283.0,49348.7,2.0,93.72,7030.0,933278.0,25384.0,35562.0,223461.0,363043.0,216209.0,65074.0,111.069,91.906,0.03,0.9,0.000961230374879829,0.004385806264920689,-0.0005002610057420753
2014-01-01,2014 1Q,2014,1.57,97186.8,70400.0,72938.0,49931.2,1.9,94.09,7320.0,959960.0,25450.0,37105.0,227527.0,375533.0,222345.0,65079.0,113.749,94.932,0.03,0.9,0.003947930004268185,0.024129144945934433,0.03292494505255372
2014-02-01,2014 1Q,2014,1.43,97186.8,70400.0,72938.0,49931.2,1.9,94.02,7320.0,959960.0,25450.0,37105.0,227527.0,375533.0,222345.0,65079.0,114.083,95.9,0.03,0.9,-0.0007439685407589769,0.002936289549798188,0.010196772426579015
2014-03-01,2014 1Q,2014,1.54,97186.8,70400.0,72938.0,49931.2,1.9,94.22,7320.0,959960.0,25450.0,37105.0,227527.0,375533.0,222345.0,65079.0,115.159,96.624,0.03,0.9,0.0021272069772388935,0.009431729530254396,0.007549530761209455
2014-04-01,2014 2Q,2014,1.45,98324.3,70400.0,72938.0,50775.7,1.9,94.54,7320.0,959960.0,25450.0,37105.0,227527.0,375533.0,222345.0,65079.0,113.259,96.807,0.03,0.9,0.0033963065166631168,-0.016498927569708055,0.0018939393939394478
2014-05-01,2014 2Q,2014,1.3,98324.3,70400.0,72938.0,50775.7,1.9,94.6,7320.0,959960.0,25450.0,37105.0,227527.0,375533.0,222345.0,65079.0,113.272,96.413,0.03,0.9,0.0006346519991535793,0.00011478116529373139,-0.004069953619056488
2014-06-01,2014 2Q,2014,1.19,98324.3,70400.0,72938.0,50775.7,1.9,94.49,7320.0,959960.0,25450.0,37105.0,227527.0,375533.0,222345.0,65079.0,114.75,96.428,0.03,0.9,-0.0011627906976744429,0.013048237869905943,0.00015558067895415917
2014-07-01,2014 3Q,2014,1.27,99531.6,70400.0,72938.0,52110.7,1.9,94.68,7320.0,959960.0,25450.0,37105.0,227527.0,375533.0,222345.0,65079.0,113.579,96.359,0.03,0.9,0.002010794793099846,-0.010204793028322445,-0.0007155597959099813
2014-08-01,2014 3Q,2014,1.3,99531.6,70400.0,72938.0,52110.7,1.9,94.87,7320.0,959960.0,25450.0,37105.0,227527.0,375533.0,222345.0,65079.0,111.669,97.983,0.03,0.9,0.0020067596113222397,-0.01681648896362886,0.016853641071410186
2014-09-01,2014 3Q,2014,1.67,99531.6,70400.0,72938.0,52110.7,1.9,94.73,7320.0,959960.0,25450.0,37105.0,227527.0,375533.0,222345.0,65079.0,112.917,98.013,0.03,0.9,-0.001475703594392308,0.01117588587701146,0.00030617556106671273
2014-10-01,2014 4Q,2014,1.47,103905.2,70400.0,72938.0,52602.8,1.9,94.95,7320.0,959960.0,25450.0,37105.0,227527.0,375533.0,222345.0,65079.0,113.093,98.239,0.03,0.9,0.0023223899503852508,0.0015586669854850133,0.0023058165753522264
2014-11-01,2014 4Q,2014,1.44,103905.2,70400.0,72938.0,52602.8,1.9,94.96,7320.0,959960.0,25450.0,37105.0,227527.0,375533.0,222345.0,65079.0,114.5,98.605,0.03,0.9,0.00010531858873075173,0.012441088307852732,0.003725607956106991
2014-12-01,2014 4Q,2014,1.6,103905.2,70400.0,72938.0,52602.8,1.9,95.14,7320.0,959960.0,25450.0,37105.0,227527.0,375533.0,222345.0,65079.0,115.749,98.908,0.03,0.9,0.0018955349620892736,0.010908296943231477,0.003072866487500603
2015-01-01,2015 1Q,2015,1.37,103352.2,71283.0,76503.0,53561.6,2.0,95.0,7733.0,984908.0,26247.0,38882.0,231212.0,387642.0,227774.0,65082.0,116.738,100.466,0.03,0.9,-0.0014715156611310176,0.008544350275164314,0.01575201197072018
2015-02-01,2015 1Q,2015,1.62,103352.2,71283.0,76503.0,53561.6,2.0,95.28,7733.0,984908.0,26247.0,38882.0,231212.0,387642.0,227774.0,65082.0,118.188,100.897,0.03,0.9,0.0029473684210525875,0.012420976888416924,0.004290008560110081
2015-03-01,2015 1Q,2015,1.83,103352.2,71283.0,76503.0,53561.6,2.0,95.21,7733.0,984908.0,26247.0,38882.0,231212.0,387642.0,227774.0,65082.0,119.674,101.295,0.03,0.9,-0.0007346767422334866,0.012573188479371833,0.003944616787416866
2015-04-01,2015 2Q,2015,1.59,104401.7,71283.0,76503.0,53993.2,2.0,94.95,7733.0,984908.0,26247.0,38882.0,231212.0,387642.0,227774.0,65082.0,117.341,100.209,0.03,0.9,-0.002730805587648266,-0.01949462707020755,-0.010721160965496801
2015-05-01,2015 2Q,2015,1.7,104401.7,71283.0,76503.0,53993.2,2.0,94.69,7733.0,984908.0,26247.0,38882.0,231212.0,387642.0,227774.0,65082.0,115.213,100.16,0.03,0.9,-0.0027382833070037638,-0.018135178667302965,-0.0004889780359049745
2015-06-01,2015 2Q,2015,2.0,104401.7,71283.0,76503.0,53993.2,2.0,94.66,7733.0,984908.0,26247.0,38882.0,231212.0,387642.0,227774.0,65082.0,115.931,100.319,0.03,0.9,-0.00031682331819626874,0.006231935632263763,0.001587460063897872
2015-07-01,2015 3Q,2015,2.04,106226.0,71283.0,76503.0,54579.5,2.0,95.03,7733.0,984908.0,26247.0,38882.0,231212.0,387642.0,227774.0,65082.0,116.218,99.958,0.03,0.9,0.00390872596661751,0.002475610492448155,-0.0035985207189067614
2015-08-01,2015 3Q,2015,2.17,106226.0,71283.0,76503.0,54579.5,2.0,95.1,7733.0,984908.0,26247.0,38882.0,231212.0,387642.0,227774.0,65082.0,117.138,100.271,0.03,0.9,0.0007366094917393706,0.007916157565953652,0.003131315152363978
2015-09-01,2015 3Q,2015,2.0,106226.0,71283.0,76503.0,54579.5,2.0,95.28,7733.0,984908.0,26247.0,38882.0,231212.0,387642.0,227774.0,65082.0,117.072,100.599,0.03,0.9,0.0018927444794953896,-0.0005634379962096148,0.0032711352235441638
2015-10-01,2015 4Q,2015,1.86,109464.2,71283.0,76503.0,54998.0,2.0,95.2,7733.0,984908.0,26247.0,38882.0,231212.0,387642.0,227774.0,65082.0,117.589,98.686,0.03,0.9,-0.0008396305625524292,0.0044160858275248405,-0.019016093599339867
2015-11-01,2015 4Q,2015,1.95,109464.2,71283.0,76503.0,54998.0,2.0,95.12,7733.0,984908.0,26247.0,38882.0,231212.0,387642.0,227774.0,65082.0,116.679,99.499,0.03,0.9,-0.0008403361344537785,-0.0077388191072294,0.008238250613055387
2015-12-01,2015 4Q,2015,1.9,109464.2,71283.0,76503.0,54998.0,2.0,95.38,7733.0,984908.0,26247.0,38882.0,231212.0,387642.0,227774.0,65082.0,117.755,99.665,0.03,0.9,0.0027333894028593875,0.009221882258161118,0.001668358475964693
2016-01-01,2016 1Q,2016,1.89,106340.6,73805.0,78604.0,55696.7,2.1,95.36,7748.0,1010613.0,27817.0,41594.0,235217.0,398927.0,233608.0,65086.0,113.087,99.276,0.03,0.9,-0.0002096875655273056,-0.03964162880557087,-0.0039030753022626374
2016-02-01,2016 1Q,2016,1.85,106340.6,73805.0,78604.0,55696.7,2.1,95.73,7748.0,1010613.0,27817.0,41594.0,235217.0,398927.0,233608.0,65086.0,111.131,98.7,0.03,0.9,0.0038800335570470246,-0.01729641780222313,-0.005802006527257264
2016-03-01,2016 1Q,2016,1.45,106340.6,73805.0,78604.0,55696.7,2.1,95.73,7748.0,1010613.0,27817.0,41594.0,235217.0,398927.0,233608.0,65086.0,109.847,98.931,0.03,0.9,0.0,-0.011553931846199572,0.002340425531914825
2016-04-01,2016 2Q,2016,1.61,107499.2,73805.0,78604.0,56178.8,2.1,95.73,7748.0,1010613.0,27817.0,41594.0,235217.0,398927.0,233608.0,65086.0,103.487,98.948,0.03,0.9,0.0,-0.057898713665370916,0.00017183693685485224
2016-05-01,2016 2Q,2016,1.79,107499.2,73805.0,78604.0,56178.8,2.1,95.66,7748.0,1010613.0,27817.0,41594.0,235217.0,398927.0,233608.0,65086.0,100.768,99.582,0.03,0.9,-0.0007312232320068057,-0.02627383149574336,0.006407405910175079
2016-06-01,2016 2Q,2016,1.51,107499.2,73805.0,78604.0,56178.8,2.1,95.69,7748.0,1010613.0,27817.0,41594.0,235217.0,398927.0,233608.0,65086.0,100.075,100.464,0.03,0.9,0.0003136107045786929,-0.00687718323277231,0.008857022353437438
2016-07-01,2016 3Q,2016,1.43,109922.3,73805.0,78604.0,56890.8,2.1,95.97,7748.0,1010613.0,27817.0,41594.0,235217.0,398927.0,233608.0,65086.0,99.802,99.711,0.03,0.9,0.002926115581565414,-0.0027279540344741227,-0.007495222169135229
2016-08-01,2016 3Q,2016,1.32,109922.3,73805.0,78604.0,56890.8,2.1,96.06,7748.0,1010613.0,27817.0,41594.0,235217.0,398927.0,233608.0,65086.0,99.647,99.664,0.03,0.9,0.0009377930603313711,-0.0015530750886756373,-0.0004713622368645032
2016-09-01,2016 3Q,2016,1.32,109922.3,73805.0,78604.0,56890.8,2.1,96.15,7748.0,1010613.0,27817.0,41594.0,235217.0,398927.0,233608.0,65086.0,100.259,99.854,0.03,0.9,0.0009369144284823161,0.006141680130861804,0.0019064055225557208
2016-10-01,2016 4Q,2016,1.34,116992.6,73805.0,78604.0,57015.4,2.1,96.24,7748.0,1010613.0,27817.0,41594.0,235217.0,398927.0,233608.0,65086.0,101.069,100.095,0.03,0.9,0.0009360374414975059,0.008079075195244423,0.0024135237446671898
2016-11-01,2016 4Q,2016,1.7,116992.6,73805.0,78604.0,57015.4,2.1,96.31,7748.0,1010613.0,27817.0,41594.0,235217.0,398927.0,233608.0,65086.0,100.444,100.42,0.03,0.9,0.0007273482959269106,-0.0061838941713087126,0.0032469154303411685
2016-12-01,2016 4Q,2016,1.85,116992.6,73805.0,78604.0,57015.4,2.1,96.56,7748.0,1010613.0,27817.0,41594.0,235217.0,398927.0,233608.0,65086.0,100.863,101.067,0.03,0.9,0.002595784446059568,0.004171478634861225,0.006442939653455326
2017-01-01,2017 1Q,2017,1.73,115687.7,78587.0,84463.0,57435.3,2.2,96.76,7850.0,1043968.0,30098.0,48261.0,239674.0,412394.0,239460.0,65090.0,99.251,101.011,0.03,0.9,0.0020712510356255542,-0.015982074695378823,-0.0005540878822958284
2017-02-01,2017 1Q,2017,1.59,115687.7,78587.0,84463.0,57435.3,2.2,96.84,7850.0,1043968.0,30098.0,48261.0,239674.0,412394.0,239460.0,65090.0,99.095,100.736,0.03,0.9,0.0008267879288961222,-0.0015717725765987955,-0.0027224757699655378
2017-03-01,2017 1Q,2017,1.76,115687.7,78587.0,84463.0,57435.3,2.2,96.88,7850.0,1043968.0,30098.0,48261.0,239674.0,412394.0,239460.0,65090.0,96.393,100.95,0.03,0.9,0.0004130524576619887,-0.027266764216156147,0.002124364675984758
2017-04-01,2017 2Q,2017,1.59,114416.0,78587.0,84463.0,57883.0,2.2,97.33,7850.0,1043968.0,30098.0,48261.0,239674.0,412394.0,239460.0,65090.0,96.782,100.887,0.03,0.9,0.00464492155243601,0.004035562748332389,-0.0006240713224369143
2017-05-01,2017 2Q,2017,1.56,114416.0,78587.0,84463.0,57883.0,2.2,97.18,7850.0,1043968.0,30098.0,48261.0,239674.0,412394.0,239460.0,65090.0,97.062,100.354,0.03,0.9,-0.0015411486694748566,0.002893099956603473,-0.005283138560964296
2017-06-01,2017 2Q,2017,1.51,114416.0,78587.0,84463.0,57883.0,2.2,97.17,7850.0,1043968.0,30098.0,48261.0,239674.0,412394.0,239460.0,65090.0,96.521,100.217,0.03,0.9,-0.00010290183165262423,-0.005573756980074562,-0.0013651673077306192
2017-07-01,2017 3Q,2017,1.54,117361.6,78587.0,84463.0,58362.2,2.2,97.48,7850.0,1043968.0,30098.0,48261.0,239674.0,412394.0,239460.0,65090.0,96.054,100.124,0.03,0.9,0.0031902850674077055,-0.0048383253385273495,-0.0009279862697946228
2017-08-01,2017 3Q,2017,1.56,117361.6,78587.0,84463.0,58362.2,2.2,97.44,7850.0,1043968.0,30098.0,48261.0,239674.0,412394.0,239460.0,65090.0,94.942,99.957,0.03,0.9,-0.0004103405826837436,-0.011576821371312107,-0.0016679317646118852
2017-09-01,2017 3Q,2017,1.65,117361.6,78587.0,84463.0,58362.2,2.2,97.56,7850.0,1043968.0,30098.0,48261.0,239674.0,412394.0,239460.0,65090.0,94.706,100.072,0.03,0.9,0.0012315270935960854,-0.0024857281287521404,0.0011504947127265464
2017-10-01,2017 4Q,2017,1.66,126568.8,78587.0,84463.0,59391.9,2.2,97.71,7850.0,1043968.0,30098.0,48261.0,239674.0,412394.0,239460.0,65090.0,95.808,100.276,0.03,0.9,0.0015375153751535642,0.011636010390049245,0.002038532256775083
2017-11-01,2017 4Q,2017,1.72,126568.8,78587.0,84463.0,59391.9,2.2,97.74,7850.0,1043968.0,30098.0,48261.0,239674.0,412394.0,239460.0,65090.0,96.204,100.227,0.03,0.9,0.000307031010132075,0.0041332665330660046,-0.0004886513223502087
2017-12-01,2017 4Q,2017,1.68,126568.8,78587.0,84463.0,59391.9,2.2,97.84,7850.0,1043968.0,30098.0,48261.0,239674.0,412394.0,239460.0,65090.0,96.199,100.013,0.03,0.9,0.0010231225700840785,-5.1972890940055194e-05,-0.0021351532022308994
2018-01-01,2018 1Q,2018,1.88,121470.3,79098.0,90152.0,59954.4,2.1,98.11,7955.0,1061236.0,30699.0,53257.0,242456.0,419203.0,241572.0,65100.0,90.601,98.432,0.03,0.9,0.0027596075224856076,-0.05819187309639395,-0.01580794496715432
2018-02-01,2018 1Q,2018,2.02,121470.3,79098.0,90152.0,59954.4,2.1,98.51,7955.0,1061236.0,30699.0,53257.0,242456.0,419203.0,241572.0,65100.0,95.24,98.416,0.03,0.9,0.00407705636530431,0.05120252535843961,-0.00016254876462939993
2018-03-01,2018 1Q,2018,2.05,121470.3,79098.0,90152.0,59954.4,2.1,98.36,7955.0,1061236.0,30699.0,53257.0,242456.0,419203.0,241572.0,65100.0,98.19,98.38,0.04,0.9,-0.00152268805197453,0.030974380512389876,-0.00036579417980819873
2018-04-01,2018 2Q,2018,2.18,124067.9,79098.0,90152.0,60404.7,2.1,98.61,7955.0,1061236.0,30699.0,53257.0,242456.0,419203.0,241572.0,65100.0,98.197,98.381,0.04,0.9,0.002541683611223977,7.129035543340656e-05,1.0164667615386591e-05
2018-05-01,2018 2Q,2018,2.3,124067.9,79098.0,90152.0,60404.7,2.1,98.63,7955.0,1061236.0,30699.0,53257.0,242456.0,419203.0,241572.0,65100.0,102.921,98.55,0.04,0.9,0.00020281918669495802,0.0481073759890831,0.0017178113660156757
2018-06-01,2018 2Q,2018,2.28,124067.9,79098.0,90152.0,60404.7,2.1,98.81,7955.0,1061236.0,30699.0,53257.0,242456.0,419203.0,241572.0,65100.0,100.47,100.509,0.04,0.9,0.0018250025347257282,-0.02381438190456764,0.019878234398782446
2018-07-01,2018 3Q,2018,2.19,128932.1,79098.0,90152.0,61274.0,2.1,99.31,7955.0,1061236.0,30699.0,53257.0,242456.0,419203.0,241572.0,65100.0,102.907,100.924,0.04,0.9,0.005060216577269516,0.024255996814969594,0.004128983474116721
2018-08-01,2018 3Q,2018,2.1,128932.1,79098.0,90152.0,61274.0,2.1,99.31,7955.0,1061236.0,30699.0,53257.0,242456.0,419203.0,241572.0,65100.0,104.356,101.25,0.04,0.9,0.0,0.014080674784028302,0.0032301533827434614
2018-09-01,2018 3Q,2018,2.24,128932.1,79098.0,90152.0,61274.0,2.1,99.35,7955.0,1061236.0,30699.0,53257.0,242456.0,419203.0,241572.0,65100.0,104.228,101.27,0.04,0.9,0.0004027791763165922,-0.0012265705853041764,0.00019753086419749266
2018-10-01,2018 4Q,2018,2.3,133867.1,79098.0,90152.0,62745.9,2.1,99.53,7955.0,1061236.0,30699.0,53257.0,242456.0,419203.0,241572.0,65100.0,101.371,101.328,0.04,0.9,0.0018117765475591519,-0.027411060367655504,0.0005727263750370248
2018-11-01,2018 4Q,2018,2.12,133867.1,79098.0,90152.0,62745.9,2.1,99.39,7955.0,1061236.0,30699.0,53257.0,242456.0,419203.0,241572.0,65100.0,101.12,101.3,0.04,0.9,-0.0014066110720385439,-0.0024760533091316983,-0.000276330333175534
2018-12-01,2018 4Q,2018,1.9,133867.1,79098.0,90152.0,62745.9,2.1,99.68,7955.0,1061236.0,30699.0,53257.0,242456.0,419203.0,241572.0,65100.0,100.399,101.26,0.04,0.9,0.0029177985712849352,-0.007130142405063378,-0.00039486673247768334
2019-01-01,2019 1Q,2019,2.0,126656.4,79825.0,90130.0,63234.7,2.3,99.96,7981.0,1071126.0,30779.0,56430.0,243299.0,423280.0,243180.0,65106.0,99.404,102.695,0.04,0.9,0.002808988764044784,-0.009910457275470907,0.014171439857791679
2019-02-01,2019 1Q,2019,2.06,126656.4,79825.0,90130.0,63234.7,2.3,100.21,7981.0,1071126.0,30779.0,56430.0,243299.0,423280.0,243180.0,65106.0,99.215,102.673,0.04,0.9,0.0025010004001599917,-0.001901331938352513,-0.0002142265933101628
2019-03-01,2019 1Q,2019,1.93,126656.4,79825.0,90130.0,63234.7,2.3,100.03,7981.0,1071126.0,30779.0,56430.0,243299.0,423280.0,243180.0,65106.0,104.856,102.675,0.04,0.9,-0.0017962279213650234,0.05685632212871039,1.9479317834303345e-05
2019-04-01,2019 2Q,2019,1.98,126601.1,79825.0,90130.0,63459.1,2.3,100.03,7981.0,1071126.0,30779.0,56430.0,243299.0,423280.0,243180.0,65106.0,100.911,102.692,0.04,0.9,0.0,-0.03762302586404209,0.00016557097638170148
2019-05-01,2019 2Q,2019,1.92,126601.1,79825.0,90130.0,63459.1,2.3,99.88,7981.0,1071126.0,30779.0,56430.0,243299.0,423280.0,243180.0,65106.0,110.111,102.811,0.04,0.9,-0.0014995501349596152,0.09116944634380797,0.0011588049702022651
2019-06-01,2019 2Q,2019,1.77,126601.1,79825.0,90130.0,63459.1,2.3,99.9,7981.0,1071126.0,30779.0,56430.0,243299.0,423280.0,243180.0,65106.0,112.543,102.748,0.04,0.9,0.00020024028834608742,0.022086803316653247,-0.000612774897627677
2019-07-01,2019 3Q,2019,1.77,129287.4,79825.0,90130.0,64569.9,2.3,99.88,7981.0,1071126.0,30779.0,56430.0,243299.0,423280.0,243180.0,65106.0,107.027,102.729,0.04,0.9,-0.0002002002002002845,-0.049012377491270076,-0.00018491844123491585
2019-08-01,2019 3Q,2019,1.68,129287.4,79825.0,90130.0,64569.9,2.3,99.96,7981.0,1071126.0,30779.0,56430.0,243299.0,423280.0,243180.0,65106.0,108.613,102.927,0.04,0.9,0.0008009611533841277,0.014818690610780338,0.0019274012206875746
2019-09-01,2019 3Q,2019,1.66,129287.4,79825.0,90130.0,64569.9,2.3,99.94,7981.0,1071126.0,30779.0,56430.0,243299.0,423280.0,243180.0,65106.0,108.381,103.925,0.04,0.9,-0.0002000800320127727,-0.002136024232826661,0.009696192447073981
2019-10-01,2019 4Q,2019,1.64,131521.1,79825.0,90130.0,63995.2,2.3,100.01,7981.0,1071126.0,30779.0,56430.0,243299.0,423280.0,243180.0,65106.0,110.372,103.85,0.04,0.9,0.0007004202521514458,0.018370378571889834,-0.0007216742843396684
2019-11-01,2019 4Q,2019,1.62,131521.1,79825.0,90130.0,63995.2,2.3,99.95,7981.0,1071126.0,30779.0,56430.0,243299.0,423280.0,243180.0,65106.0,110.256,103.768,0.04,0.9,-0.0005999400059993887,-0.001050991193418671,-0.0007896003851708411
2019-12-01,2019 4Q,2019,1.56,131521.1,79825.0,90130.0,63995.2,2.3,100.25,7981.0,1071126.0,30779.0,56430.0,243299.0,423280.0,243180.0,65106.0,109.967,103.732,0.04,0.9,0.0030015007503751967,-0.0026211725438978206,-0.00034692776193046004
2020-01-01,2020 1Q,2020,1.44,126092.2,73081.0,84542.0,63895.5,2.9,100.28,7744.0,1079630.0,30918.0,59157.0,244549.0,426401.0,244595.0,65108.0,113.1,103.677,0.04,0.9,0.000299251870324202,0.028490365291405473,-0.0005302124705972577
2020-02-01,2020 1Q,2020,1.28,126092.2,73081.0,84542.0,63895.5,2.9,100.14,7744.0,1079630.0,30918.0,59157.0,244549.0,426401.0,244595.0,65108.0,117.384,104.005,0.04,0.9,-0.001396090945352979,0.037877984084880634,0.003163671788342537
2020-03-01,2020 1Q,2020,0.99,126092.2,73081.0,84542.0,63895.5,2.9,99.87,7744.0,1079630.0,30918.0,59157.0,244549.0,426401.0,244595.0,65108.0,117.521,104.228,0.04,0.9,-0.002696225284601561,0.0011671096571934658,0.002144127686168895
2020-04-01,2020 2Q,2020,0.54,107992.4,73081.0,84542.0,66178.6,2.9,99.77,7744.0,1079630.0,30918.0,59157.0,244549.0,426401.0,244595.0,65108.0,117.385,104.294,0.04,0.9,-0.0010013016921999185,-0.0011572399826413893,0.0006332271558506797
2020-05-01,2020 2Q,2020,0.44,107992.4,73081.0,84542.0,66178.6,2.9,99.7,7744.0,1079630.0,30918.0,59157.0,244549.0,426401.0,244595.0,65108.0,116.871,104.754,0.04,0.9,-0.0007016137115364307,-0.0043787536738084665,0.004410608472203759
2020-06-01,2020 2Q,2020,0.54,107992.4,73081.0,84542.0,66178.6,2.9,99.72,7744.0,1079630.0,30918.0,59157.0,244549.0,426401.0,244595.0,65108.0,114.983,109.771,0.04,0.9,0.00020060180541614514,-0.01615456357864642,0.04789315921110404
2020-07-01,2020 3Q,2020,0.5,119305.7,73081.0,84542.0,63472.7,2.9,99.51,7744.0,1079630.0,30918.0,59157.0,244549.0,426401.0,244595.0,65108.0,114.525,109.715,0.04,0.9,-0.002105896510228522,-0.003983197516154502,-0.0005101529547876238
2020-08-01,2020 3Q,2020,0.54,119305.7,73081.0,84542.0,63472.7,2.9,99.65,7744.0,1079630.0,30918.0,59157.0,244549.0,426401.0,244595.0,65108.0,113.055,109.534,0.04,0.9,0.0014068937795197467,-0.012835625409299278,-0.0016497288429111467
2020-09-01,2020 3Q,2020,0.45,119305.7,73081.0,84542.0,63472.7,2.9,99.82,7744.0,1079630.0,30918.0,59157.0,244549.0,426401.0,244595.0,65108.0,109.909,109.492,0.04,0.9,0.001705970898143283,-0.027827163769846508,-0.0003834425840378852
2020-10-01,2020 4Q,2020,0.5,127300.9,73081.0,84542.0,63768.4,2.9,99.84,7744.0,1079630.0,30918.0,59157.0,244549.0,426401.0,244595.0,65108.0,107.104,109.434,0.04,0.9,0.00020036064916850727,-0.025521112920689037,-0.0005297190662332252
2020-11-01,2020 4Q,2020,0.5,127300.9,73081.0,84542.0,63768.4,2.9,99.87,7744.0,1079630.0,30918.0,59157.0,244549.0,426401.0,244595.0,65108.0,111.317,112.902,0.04,0.9,0.00030048076923083755,0.03933559904391992,0.03169033389988485
2020-12-01,2020 4Q,2020,0.46,127300.9,73081.0,84542.0,63768.4,2.9,99.98,7744.0,1079630.0,30918.0,59157.0,244549.0,426401.0,244595.0,65108.0,111.371,114.736,0.04,0.9,0.001101431861419755,0.00048510110764765635,0.016244176365343366
2021-01-01,2021 1Q,2021,0.51,134386.7,87308.0,104402.0,64703.7,2.7,100.12,8220.0,1092898.0,30944.0,61692.0,247053.0,432107.0,247241.0,65115.0,110.728,114.661,0.04,0.9,0.0014002800560111162,-0.0057734957933394115,-0.000653674522381853
2021-02-01,2021 1Q,2021,0.69,134386.7,87308.0,104402.0,64703.7,2.7,100.32,8220.0,1092898.0,30944.0,61692.0,247053.0,432107.0,247241.0,65115.0,111.324,115.108,0.04,0.9,0.0019976028765480436,0.005382559063651593,0.0038984484698372235
2021-03-01,2021 1Q,2021,0.93,134386.7,87308.0,104402.0,64703.7,2.7,100.36,8220.0,1092898.0,30944.0,61692.0,247053.0,432107.0,247241.0,65115.0,112.839,118.692,0.04,0.9,0.0003987240829346206,0.01360892529912694,0.031135976648017483
2021-04-01,2021 2Q,2021,0.77,139936.5,87308.0,104402.0,66844.0,2.7,100.37,8220.0,1092898.0,30944.0,61692.0,247053.0,432107.0,247241.0,65115.0,112.276,118.167,0.04,0.9,9.964129135120459e-05,-0.004989409689912239,-0.004423213021939043
2021-05-01,2021 2Q,2021,0.86,139936.5,87308.0,104402.0,66844.0,2.7,100.51,8220.0,1092898.0,30944.0,61692.0,247053.0,432107.0,247241.0,65115.0,110.65,118.117,0.04,0.9,0.0013948390953473222,-0.014482168940824325,-0.0004231299770662833
2021-06-01,2021 2Q,2021,0.91,139936.5,87308.0,104402.0,66844.0,2.7,100.31,8220.0,1092898.0,30944.0,61692.0,247053.0,432107.0,247241.0,65115.0,115.043,118.15,0.04,0.9,-0.0019898517560441586,0.03970176231360134,0.0002793840006096726
2021-07-01,2021 3Q,2021,0.75,143735.2,87308.0,104402.0,67540.2,2.7,100.54,8220.0,1092898.0,30944.0,61692.0,247053.0,432107.0,247241.0,65115.0,128.056,118.41,0.04,0.9,0.0022928920346925175,0.11311422685430661,0.002200592467202611
2021-08-01,2021 3Q,2021,0.79,143735.2,87308.0,104402.0,67540.2,2.7,100.78,8220.0,1092898.0,30944.0,61692.0,247053.0,432107.0,247241.0,65115.0,120.698,118.421,0.04,0.9,0.002387109608116056,-0.057459236583994655,9.289755932795352e-05
2021-09-01,2021 3Q,2021,0.94,143735.2,87308.0,104402.0,67540.2,2.7,101.01,8220.0,1092898.0,30944.0,61692.0,247053.0,432107.0,247241.0,65115.0,128.122,118.327,0.04,0.9,0.0022821988489780676,0.061508889956751744,-0.0007937781305681346
2021-10-01,2021 4Q,2021,1.46,151305.8,87308.0,104402.0,68925.4,2.7,101.3,8220.0,1092898.0,30944.0,61692.0,247053.0,432107.0,247241.0,65115.0,122.234,120.488,0.04,0.9,0.002871002871002837,-0.04595619799878259,0.018262949284609586
2021-11-01,2021 4Q,2021,1.28,151305.8,87308.0,104402.0,68925.4,2.7,101.52,8220.0,1092898.0,30944.0,61692.0,247053.0,432107.0,247241.0,65115.0,129.162,120.346,0.04,0.9,0.002171767028627869,0.0566781746486249,-0.001178540601553646
2021-12-01,2021 4Q,2021,1.36,151305.8,87308.0,104402.0,68925.4,2.7,102.08,8220.0,1092898.0,30944.0,61692.0,247053.0,432107.0,247241.0,65115.0,133.707,123.023,0.04,0.85,0.005516154452324784,0.03518836809587955,0.022244195901816477
2022-01-01,2022 1Q,2022,1.57,156940.3,95787.0,114165.0,71001.7,2.1,102.52,8615.0,1110294.0,31318.0,67104.0,247819.0,439934.0,250421.0,65116.0,128.321,122.854,0.04,0.85,0.004310344827586077,-0.0402821093884389,-0.0013737268640823252
2022-02-01,2022 1Q,2022,1.69,156940.3,95787.0,114165.0,71001.7,2.1,102.52,8615.0,1110294.0,31318.0,67104.0,247819.0,439934.0,250421.0,65116.0,129.594,126.804,0.04,0.85,0.0,0.009920433911830395,0.03215198528334451
2022-03-01,2022 1Q,2022,2.29,156940.3,95787.0,114165.0,71001.7,2.1,103.24,8615.0,1110294.0,31318.0,67104.0,247819.0,439934.0,250421.0,65116.0,126.5,136.266,0.04,0.85,0.00702301989855636,-0.023874562093924023,0.07461909718936299
2022-04-01,2022 2Q,2022,2.4,164263.5,95787.0,114165.0,71787.8,2.1,103.7,8615.0,1110294.0,31318.0,67104.0,247819.0,439934.0,250421.0,65116.0,141.209,139.058,0.04,0.85,0.0044556373498645385,0.11627667984189727,0.020489337031981636
2022-05-01,2022 2Q,2022,2.5,164263.5,95787.0,114165.0,71787.8,2.1,104.09,8615.0,1110294.0,31318.0,67104.0,247819.0,439934.0,250421.0,65116.0,158.454,139.295,0.04,0.85,0.0037608486017357556,0.12212394394125026,0.0017043248141062062
2022-06-01,2022 2Q,2022,2.8,164263.5,95787.0,114165.0,71787.8,2.1,104.76,8615.0,1110294.0,31318.0,67104.0,247819.0,439934.0,250421.0,65116.0,155.481,139.329,0.04,0.85,0.006436737438754836,-0.01876254307243752,0.00024408629168326534
2022-07-01,2022 3Q,2022,2.57,161621.5,95787.0,114165.0,74542.6,2.1,105.37,8615.0,1110294.0,31318.0,67104.0,247819.0,439934.0,250421.0,65116.0,157.318,139.496,0.04,0.85,0.005822833142420825,0.011814948450293183,0.0011986018703931123
2022-08-01,2022 3Q,2022,2.91,161621.5,95787.0,114165.0,74542.6,2.1,105.89,8615.0,1110294.0,31318.0,67104.0,247819.0,439934.0,250421.0,65116.0,162.053,139.338,0.04,0.85,0.004934990984150955,0.03009827228924844,-0.0011326489648449956
2022-09-01,2022 3Q,2022,3.54,161621.5,95787.0,114165.0,74542.6,2.1,106.39,8615.0,1110294.0,31318.0,67104.0,247819.0,439934.0,250421.0,65116.0,171.724,139.151,0.04,0.85,0.004721881197468969,0.059678006578094855,-0.0013420603137692666
2022-10-01,2022 4Q,2022,3.28,160720.5,95787.0,114165.0,76600.8,2.1,106.5,8615.0,1110294.0,31318.0,67104.0,247819.0,439934.0,250421.0,65116.0,174.744,134.063,0.04,0.85,0.0010339317605037035,0.017586359507116178,-0.03656459529575795
2022-11-01,2022 4Q,2022,2.94,160720.5,95787.0,114165.0,76600.8,2.1,106.72,8615.0,1110294.0,31318.0,67104.0,247819.0,439934.0,250421.0,65116.0,170.473,133.514,0.04,0.8,0.0020657276995303953,-0.02444146866272945,-0.004095089622043191
2022-12-01,2022 4Q,2022,2.83,160720.5,95787.0,114165.0,76600.8,2.1,107.32,8615.0,1110294.0,31318.0,67104.0,247819.0,439934.0,250421.0,65116.0,168.25,130.976,0.04,0.8,0.005622188905547221,-0.013040188182292911,-0.019009242476444532
2023-01-01,2023 1Q,2023,2.85,159541.2,105089.44620195172,124840.97263462386,77440.9,1.9,108.2,9028.98,1127966.897584221,31696.520294725957,72990.77377942034,248587.37502074454,447902.7749052897,253641.90098325117,65117.000015357444,155.938,134.389,0.04,0.8,0.008199776369735456,-0.07317682020802385,0.02605820913755208
2023-02-01,2023 1Q,2023,3.37,159541.2,105089.44620195172,124840.97263462386,77440.9,1.9,108.17,9028.98,1127966.897584221,31696.520294725957,72990.77377942034,248587.37502074454,447902.7749052897,253641.90098325117,65117.000015357444,164.167,134.473,0.04,0.8,-0.00027726432532348966,0.052770973079044436,0.0006250511574608097
2023-03-01,2023 1Q,2023,2.94,159541.2,105089.44620195172,124840.97263462386,77440.9,1.9,108.44,9028.98,1127966.897584221,31696.520294725957,72990.77377942034,248587.37502074454,447902.7749052897,253641.90098325117,65117.000015357444,154.178,134.634,0.06,0.8,0.002496070999352895,-0.06084657696126505,0.0011972663657386917
2023-04-01,2023 2Q,2023,2.82,163156.5,105089.44620195172,124840.97263462386,79248.6,1.9,108.86,9028.98,1127966.897584221,31696.520294725957,72990.77377942034,248587.37502074454,447902.7749052897,253641.90098325117,65117.000015357444,134.899,134.489,0.06,0.8,0.003873109553670151,-0.12504378056532062,-0.0010769939242686322
2023-05-01,2023 2Q,2023,2.89,163156.5,105089.44620195172,124840.97263462386,79248.6,1.9,108.96,9028.98,1127966.897584221,31696.520294725957,72990.77377942034,248587.37502074454,447902.7749052897,253641.90098325117,65117.000015357444,130.624,134.611,0.06,0.8,0.0009186110600771791,-0.03169037576260758,0.0009071373867006738
2023-06-01,2023 2Q,2023,3.12,163156.5,105089.44620195172,124840.97263462386,79248.6,1.9,109.16,9028.98,1127966.897584221,31696.520294725957,72990.77377942034,248587.37502074454,447902.7749052897,253641.90098325117,65117.000015357444,129.174,134.399,0.06,0.8,0.0018355359765052093,-0.011100563449289447,-0.0015749084398748447
2023-07-01,2023 3Q,2023,2.98,164868.1,105089.44620195172,124840.97263462386,80545.1,1.9,109.38,9028.98,1127966.897584221,31696.520294725957,72990.77377942034,248587.37502074454,447902.7749052897,253641.90098325117,65117.000015357444,127.829,134.211,0.06,0.8,0.0020153902528399215,-0.010412312075185559,-0.0013988199316958827
2023-08-01,2023 3Q,2023,3.11,164868.1,105089.44620195172,124840.97263462386,80545.1,1.9,109.47,9028.98,1127966.897584221,31696.520294725957,72990.77377942034,248587.37502074454,447902.7749052897,253641.90098325117,65117.000015357444,129.357,134.471,0.06,0.8,0.0008228195282502515,0.011953469087609303,0.001937248064614705
2023-09-01,2023 3Q,2023,3.34,164868.1,105089.44620195172,124840.97263462386,80545.1,1.9,109.6,9028.98,1127966.897584221,31696.520294725957,72990.77377942034,248587.37502074454,447902.7749052897,253641.90098325117,65117.000015357444,128.143,134.687,0.06,0.8,0.0011875399652871987,-0.009384880601745582,0.001606294293936994
2023-10-01,2023 4Q,2023,3.28,166597.65561047217,105089.44620195172,124840.97263462386,81862.81062391007,1.9,110.03,9028.98,1127966.897584221,31696.520294725957,72990.77377942034,248587.37502074454,447902.7749052897,253641.90098325117,65117.000015357444,126.8087350937495,134.4985971398597,0.06,0.8,0.003923357664233684,-0.010412312075185559,-0.0013988199316957717
