,BLK_NO,ROAD_NAME,ADDRESS,POSTAL,X,Y,LATITUDE,LONGITUDE,MRT,Opening Date
155,70,WOODLANDS AVENUE 7,70 WOODLANDS AVENUE 7 ADMIRALTY MRT STATION (NS10) SINGAPORE 738344,738344,24402.3866267931,46918.506801948,1.44058856161847,103.800990519771,ADMIRALTY,1996-02-10
115,81,LORONG 25 GEYLANG,81 LORONG 25 GEYLANG ALJUNIED MRT STATION (EW9) SINGAPORE 388310,388310,33518.6048692847,33190.002017457,1.3164326118157,103.882906044385,ALJUNIED,1989-11-04
122,2795,ANG MO KIO AVENUE 8,2795 ANG MO KIO AVENUE 8 ANG MO KIO MRT STATION (NS16) SINGAPORE 569812,569812,29807.2611468043,39105.7359950263,1.36993284962262,103.84955809232,ANG MO KIO,1987-11-07
148,90,BARTLEY ROAD,90 BARTLEY ROAD BARTLEY MRT STATION (CC12) SINGAPORE 539788,539788,33214.9339675205,36072.5255325548,1.34250117805245,103.880177899184,BARTLEY,2009-05-28
11,11,BAYFRONT AVENUE,11 BAYFRONT AVENUE BAYFRONT MRT STATION (DT16 / CE1) SINGAPORE 018957,018957,30867.0092712184,29368.6250332333,1.28187378879209,103.859079764874,BAYFRONT,2012-01-14
55,101,UPPER BUKIT TIMAH ROAD,101 UPPER BUKIT TIMAH ROAD BEAUTY WORLD MRT STATION (DT5) SINGAPORE 588216,588216,21598.1664763764,35931.2358860858,1.34122317558549,103.775794285083,BEAUTY WORLD,2015-12-27
131,315,NEW UPPER CHANGI ROAD,315 NEW UPPER CHANGI ROAD BEDOK MRT STATION (EW5) SINGAPORE 467347,467347,38757.952049505,34024.7047772072,1.32397996868158,103.929984495066,BEDOK,1989-11-04
142,651,BEDOK NORTH ROAD,651 BEDOK NORTH ROAD BEDOK NORTH MRT STATION (DT29) SINGAPORE 479481,479481,37421.7438196167,35214.6803870108,1.33474211664091,103.91797832995,BEDOK NORTH,2017-10-21
123,371,BEDOK NORTH AVENUE 3,371 BEDOK NORTH AVENUE 3 BEDOK RESERVOIR MRT STATION (DT30) SINGAPORE 469724,469724,39008.3131622663,35421.0408713054,1.33660782955099,103.932234623286,BEDOK RESERVOIR,2017-10-21
92,31,BENCOOLEN STREET,31 BENCOOLEN STREET BENCOOLEN MRT STATION (DT21) SINGAPORE 189658,189658,29895.8639496444,31253.3258734122,1.29891843369422,103.850353762717,BENCOOLEN,2017-10-21
58,11,KALLANG BAHRU,11 KALLANG BAHRU BENDEMEER MRT STATION (DT23) SINGAPORE 339356,339356,31300.7676084097,32884.7709222045,1.31367252847691,103.862977620945,BENDEMEER,2017-10-21
85,17,BISHAN PLACE,17 BISHAN PLACE BISHAN MRT STATION (CC15) SINGAPORE 579842,579842,29760.7755471431,37047.1573323701,1.35131580146658,103.84914026532,BISHAN,1987-11-07
133,900,SERANGOON ROAD,900 SERANGOON ROAD BOON KENG MRT STATION (NE9) SINGAPORE 328260,328260,31144.045013207,33510.9746132698,1.31933570922514,103.861569454156,BOON KENG,2003-06-20
128,301,BOON LAY WAY,301 BOON LAY WAY BOON LAY MRT STATION (EW27) SINGAPORE 649846,649846,13837.9827195406,35641.9191215802,1.33860405469845,103.706064622772,BOON LAY,1990-07-06
54,100,CLUNY PARK ROAD,100 CLUNY PARK ROAD BOTANIC GARDENS MRT STATION (CC19) SINGAPORE 257494,257494,25959.6005048994,33818.1442215387,1.32211373558877,103.814984510627,BOTANIC GARDENS,2015-12-27
41,377,LORONG 1 TOA PAYOH,377 LORONG 1 TOA PAYOH BRADDELL MRT STATION (NS18) SINGAPORE 319756,319756,29500.2349482412,35847.7719815206,1.3404690010277,103.846799083148,BRADDELL,1987-11-07
90,65,BRAS BASAH ROAD,65 BRAS BASAH ROAD BRAS BASAH MRT STATION (CC2) SINGAPORE 189561,189561,29930.7673842637,31025.9015965667,1.29686168649656,103.850667371637,BRAS BASAH,2010-04-17
53,100,SIN MING AVENUE,100 SIN MING AVENUE BRIGHT HILL MRT STATION (TE7) SINGAPORE 575737,575737,27952.7070973367,38370.443887597,1.36328318545185,103.832893619992,BRIGHT HILL,2021-08-28
160,,NIL,BUANGKOK MRT STATION EXIT B,NIL,34693.3281394122,40511.9817967266,1.38264972279052,103.893463151692,BUANGKOK,2006-01-15
88,220,VICTORIA STREET,220 VICTORIA STREET BUGIS MRT STATION (EW12) SINGAPORE 188022,188022,30491.6000699066,31424.3512713723,1.30046508509717,103.855706730933,BUGIS,1989-11-04
46,10,BUKIT BATOK CENTRAL,10 BUKIT BATOK CENTRAL BUKIT BATOK MRT STATION (NS2) SINGAPORE 659958,659958,18679.3223191258,36794.9260214306,1.34903331201636,103.749566478309,BUKIT BATOK,1990-03-10
144,802,BUKIT BATOK WEST AVENUE 5,802 BUKIT BATOK WEST AVENUE 5 BUKIT GOMBAK MRT STATION (NS3) SINGAPORE 659083,659083,18926.9127006577,37854.0358848721,1.35861159094192,103.751790910733,BUKIT GOMBAK,1990-03-10
154,950,UPPER BUKIT TIMAH ROAD,950 UPPER BUKIT TIMAH ROAD BUKIT PANJANG MRT STATION (DT1) SINGAPORE 678213,678213,20011.3981217332,40108.6837660205,1.37900211641036,103.761535114929,BUKIT PANJANG,2015-12-27
51,100,NORTH BUONA VISTA ROAD,100 NORTH BUONA VISTA ROAD BUONA VISTA MRT STATION (EW21) SINGAPORE 139345,139345,23207.2578019593,32171.7150982097,1.3072237082044,103.790253514502,BUONA VISTA,1988-03-12
1,1,TOA PAYOH LINK,1 TOA PAYOH LINK CALDECOTT MRT STATION (TE9) SINGAPORE 297608,297608,28761.5758000361,35491.3431366347,1.33724561271722,103.840161782075,CALDECOTT,2011-10-08
66,11,CANBERRA LINK,11 CANBERRA LINK CANBERRA MRT STATION (NS12) SINGAPORE 756972,756972,27597.5969376964,47193.6008830499,1.44307664075699,103.829702590959,CANBERRA,2019-11-02
3,1,CASHEW ROAD,1 CASHEW ROAD CASHEW MRT STATION (DT2) SINGAPORE 679696,679696,20334.5589111606,39092.8585418891,1.36981544925552,103.76443921414,CASHEW,2015-12-27
156,70,AIRPORT BOULEVARD,70 AIRPORT BOULEVARD CHANGI AIRPORT MRT STATION (CG2) SINGAPORE 819661,819661,45201.320394692,37729.1933764666,1.35747897447692,103.98788356959,CHANGI AIRPORT,2002-02-08
29,91,UPPER CROSS STREET,91 UPPER CROSS STREET CHINATOWN MRT STATION (DT19) SINGAPORE 058362,058362,29316.0490006926,29628.4789423887,1.28422391919085,103.845143798953,CHINATOWN,2003-06-20
81,151,BOON LAY WAY,151 BOON LAY WAY CHINESE GARDEN MRT STATION (EW25) SINGAPORE 609959,609959,16790.7466322081,36056.3018932827,1.34235282081401,103.732596738363,CHINESE GARDEN,1988-11-05
47,10,CHOA CHU KANG AVENUE 4,10 CHOA CHU KANG AVENUE 4 CHOA CHU KANG MRT STATION (NS4) SINGAPORE 689810,689810,18101.2472041463,40812.1216052417,1.38536316540225,103.744370779756,CHOA CHU KANG,1990-03-10
78,150,NORTH BRIDGE ROAD,150 NORTH BRIDGE ROAD CITY HALL MRT STATION (EW13 / NS25) SINGAPORE 179100,179100,30144.2503791479,30591.9008128252,1.29293672227779,103.852585580366,CITY HALL,1987-12-12
32,10,EU TONG SEN STREET,10 EU TONG SEN STREET CLARKE QUAY MRT STATION (NE5) SINGAPORE 059815,059815,29473.1249443376,30088.7037861496,1.28838602407588,103.846555209694,CLARKE QUAY,2003-06-20
71,3150,COMMONWEALTH AVENUE WEST,3150 COMMONWEALTH AVENUE WEST CLEMENTI MRT STATION (EW23) SINGAPORE 129580,129580,20418.1055078562,33044.4944669213,1.31511625277378,103.765191452888,CLEMENTI,1988-03-12
75,375,COMMONWEALTH AVENUE,375 COMMONWEALTH AVENUE COMMONWEALTH MRT STATION (EW20) SINGAPORE 149735,149735,24094.7951433668,31649.5989169721,1.30250199924325,103.798228523336,COMMONWEALTH,1988-03-12
102,201,OLD AIRPORT ROAD,201 OLD AIRPORT ROAD DAKOTA MRT STATION (CC8) SINGAPORE 397973,397973,34204.0252977135,32318.1744557619,1.30854798388121,103.889064718377,DAKOTA,2010-04-17
63,11,ORCHARD ROAD,11 ORCHARD ROAD DHOBY GHAUT MRT STATION (NS24) SINGAPORE 238826,238826,29423.9804536467,31229.3163704202,1.29870132536119,103.846113677951,DHOBY GHAUT,1987-12-12
73,200,COMMONWEALTH AVENUE WEST,200 COMMONWEALTH AVENUE WEST DOVER MRT STATION (EW22) SINGAPORE 138677,138677,21914.5509301452,32634.1186314393,1.31140529320963,103.778637841909,DOVER,2001-10-18
13,15,CENTRAL BOULEVARD,15 CENTRAL BOULEVARD DOWNTOWN MRT STATION (DT17) SINGAPORE 018969,018969,30172.6688074525,29100.2087655049,1.27944638178916,103.852840829581,DOWNTOWN,2013-12-22
91,90,BRAS BASAH ROAD,90 BRAS BASAH ROAD ESPLANADE MRT STATION (CC3) SINGAPORE 189562,189562,30421.9934839159,30671.6277715843,1.2936577245386,103.855081226245,ESPLANADE,2010-04-17
126,30,EUNOS CRESCENT,30 EUNOS CRESCENT EUNOS MRT STATION (EW7) SINGAPORE 409423,409423,35779.9883453855,33560.5858968049,1.31978354916088,103.903225807255,EUNOS,1989-11-04
20,2,EXPO DRIVE,2 EXPO DRIVE EXPO MRT STATION (DT35) SINGAPORE 485985,485985,42362.6034600167,35285.7083877847,1.33538252614956,103.962374747451,EXPO,2001-01-10
107,250,RACE COURSE ROAD,250 RACE COURSE ROAD FARRER PARK MRT STATION (NE8) SINGAPORE 218703,218703,30243.5206485614,32689.3795552086,1.31190557325774,103.853477716509,FARRER PARK,2003-06-20
120,71,FARRER ROAD,71 FARRER ROAD FARRER ROAD MRT STATION (CC20) SINGAPORE 268857,268857,25113.2011973979,33301.2602245007,1.31743915158967,103.807379214161,FARRER ROAD,2011-10-08
87,170,RIVER VALLEY ROAD,170 RIVER VALLEY ROAD FORT CANNING MRT STATION (DT20) SINGAPORE 179038,179038,29225.6276065866,30541.6087720692,1.29248194822996,103.844331362465,FORT CANNING,2017-10-21
14,11,MARINA MALL,11 MARINA MALL GARDENS BY THE BAY MRT STATION (TE22) SINGAPORE 019396,019396,31799.0721787345,28994.1708776113,1.27848725876303,103.867454664421,GARDENS BY THE BAY,2022-11-13
135,541,KALLANG BAHRU,541 KALLANG BAHRU GEYLANG BAHRU MRT STATION (DT24) SINGAPORE 339355,339355,32262.8612591857,33728.3126899004,1.32130110228321,103.871622627142,GEYLANG BAHRU,2017-10-21
114,351,RIVER VALLEY ROAD,351 RIVER VALLEY ROAD GREAT WORLD MRT STATION (TE15) SINGAPORE 238384,238384,28044.7678659763,30703.7324468214,1.29394816169384,103.833720837731,GREAT WORLD,2022-11-13
152,7A,TUAS ROAD,7A TUAS ROAD GUL CIRCLE MRT STATION (EW30) SINGAPORE 637288,637288,8770.35150132887,33526.5733700171,1.31947090075208,103.660530461345,GUL CIRCLE,2017-06-18
38,81,TELOK BLANGAH ROAD,81 TELOK BLANGAH ROAD HARBOURFRONT MRT STATION (NE1 / CC29) SINGAPORE 098867,098867,26688.0367021402,27545.8534260485,1.26538938374901,103.821530157095,HARBOURFRONT,2003-06-20
67,110,ZION ROAD,110 ZION ROAD HAVELOCK MRT STATION (TE16) SINGAPORE 168604,168604,28029.7436560951,30101.8822241165,1.28850523975311,103.833585838226,HAVELOCK,2022-11-13
68,270,PASIR PANJANG ROAD,270 PASIR PANJANG ROAD HAW PAR VILLA MRT STATION (CC25) SINGAPORE 117396,117396,22261.1431040755,29445.802035436,1.28257135772488,103.781752725064,HAW PAR VILLA,2011-10-08
145,510,UPPER BUKIT TIMAH ROAD,510 UPPER BUKIT TIMAH ROAD HILLVIEW MRT STATION (DT3) SINGAPORE 678211,678211,20666.0675499607,38266.7898455672,1.36234486803558,103.767418254007,HILLVIEW,2015-12-27
100,200,HOLLAND AVENUE,200 HOLLAND AVENUE HOLLAND VILLAGE MRT STATION (CC21) SINGAPORE 278995,278995,23891.2152273953,32726.4128267691,1.31224029631595,103.796399122407,HOLLAND VILLAGE,2011-10-08
147,80,HOUGANG CENTRAL,80 HOUGANG CENTRAL HOUGANG MRT STATION (NE14) SINGAPORE 538758,538758,34572.8752453458,39256.1282835789,1.37129226620797,103.892380513029,HOUGANG,2003-06-20
104,90,JALAN BESAR,90 JALAN BESAR JALAN BESAR MRT STATION (DT22) SINGAPORE 208826,208826,30445.8529787809,31944.7496234626,1.3051713878069,103.855295713435,JALAN BESAR,2017-10-21
151,91,JOO KOON CIRCLE,91 JOO KOON CIRCLE JOO KOON MRT STATION (EW29) SINGAPORE 629116,629116,10756.3379743481,34438.2617777772,1.3277170408447,103.678374996165,JOO KOON,2009-02-28
45,10,JURONG EAST STREET 12,10 JURONG EAST STREET 12 JURONG EAST MRT STATION (EW24 / NS1) SINGAPORE 609690,609690,17869.0570516568,35038.9688695427,1.33315281585758,103.742286332403,JURONG EAST,1988-11-05
40,30,KAKI BUKIT AVENUE 1,30 KAKI BUKIT AVENUE 1 KAKI BUKIT MRT STATION (DT28) SINGAPORE 415804,415804,36362.3782825153,35239.5522551257,1.33496735995428,103.908459338046,KAKI BUKIT,2017-10-21
28,5,SIMS AVENUE,5 SIMS AVENUE KALLANG MRT STATION (EW10) SINGAPORE 387405,387405,32236.6038438473,32643.3302382641,1.31148890998818,103.871386541754,KALLANG,1989-11-04
140,55,SIMS AVENUE EAST,55 SIMS AVENUE EAST KEMBANGAN MRT STATION (EW6) SINGAPORE 416551,416551,36861.9614935443,33699.3440501876,1.3210381335934,103.912947930851,KEMBANGAN,1989-11-04
70,301,SOUTH BUONA VISTA ROAD,301 SOUTH BUONA VISTA ROAD KENT RIDGE MRT STATION (CC24) SINGAPORE 118177,118177,22575.0107144611,30657.9332947638,1.29353349887123,103.784572738173,KENT RIDGE,2011-10-08
93,201,YISHUN AVENUE 2,201 YISHUN AVENUE 2 KHATIB MRT STATION (NS14) SINGAPORE 769092,769092,27962.3108561579,44352.5679935999,1.41738337009565,103.832979908243,KHATIB,1988-12-20
15,2,BLACKMORE DRIVE,2 BLACKMORE DRIVE KING ALBERT PARK MRT STATION (DT6) SINGAPORE 599987,599987,22444.4895690959,35316.2479055841,1.33566161262214,103.783399113441,KING ALBERT PARK,2015-12-27
146,900,UPPER SERANGOON ROAD,900 UPPER SERANGOON ROAD KOVAN MRT STATION (NE13) SINGAPORE 534799,534799,33758.7578018578,38027.2794417515,1.36017917065237,103.885064856353,KOVAN,2003-06-20
158,960,WOODLANDS ROAD,960 WOODLANDS ROAD KRANJI MRT STATION (NS7) SINGAPORE 738702,738702,20078.5865077013,45204.5168451127,1.42508698073648,103.762137459497,KRANJI,1996-02-10
57,701,TELOK BLANGAH ROAD,701 TELOK BLANGAH ROAD LABRADOR PARK MRT STATION (CC27) SINGAPORE 109029,109029,24584.7750495933,28304.9440988898,1.27225417749656,103.802631578766,LABRADOR PARK,2011-10-08
101,201,BOON LAY WAY,201 BOON LAY WAY LAKESIDE MRT STATION (EW26) SINGAPORE 649845,649845,15494.4969534362,36267.1470333859,1.34425911493819,103.720949087456,LAKESIDE,1988-11-05
103,50,KALLANG ROAD,50 KALLANG ROAD LAVENDER MRT STATION (EW11) SINGAPORE 208699,208699,31277.4062337531,32188.7337866109,1.30737781747063,103.862767633888,LAVENDER,1989-11-04
0,1,LENTOR DRIVE,1 LENTOR DRIVE LENTOR MRT STATION (TE5) SINGAPORE 789361,789361,28269.897072956,40827.7939434573,1.38550657972169,103.835743809669,LENTOR,2021-08-28
110,60,BUKIT TIMAH ROAD,60 BUKIT TIMAH ROAD LITTLE INDIA MRT STATION (NE7) SINGAPORE 229900,229900,29817.2085683132,32124.850180177,1.30680019696174,103.849647059738,LITTLE INDIA,2003-06-20
80,150,SERANGOON AVENUE 3,150 SERANGOON AVENUE 3 LORONG CHUAN MRT STATION (CC14) SINGAPORE 554533,554533,31431.4054671209,37079.9443690311,1.35161217074555,103.864151938651,LORONG CHUAN,2009-05-28
49,10,CIRCUIT LINK,10 CIRCUIT LINK MACPHERSON MRT STATION (DT26) SINGAPORE 378956,378956,34230.0104828067,34264.5435281098,1.32615024457361,103.889298600376,MACPHERSON,2010-04-17
6,21,PARK STREET,21 PARK STREET MARINA BAY MRT STATION (NS27) SINGAPORE 018925,018925,30367.9547207942,28764.4959340338,1.276410298755,103.854595522263,MARINA BAY,1989-11-04
10,33,MARINA COASTAL DRIVE,33 MARINA COASTAL DRIVE MARINA SOUTH PIER MRT STATION (NS28) SINGAPORE 018948,018948,31241.8260070179,28169.2510934137,1.27102703612006,103.862447515736,MARINA SOUTH PIER,2014-11-23
124,71,WOODLANDS AVENUE 3,71 WOODLANDS AVENUE 3 MARSILING MRT STATION (NS8) SINGAPORE 739044,739044,21407.0413211482,46026.5125302058,1.43252114855026,103.774074641403,MARSILING,1996-02-10
149,60,MARYMOUNT ROAD,60 MARYMOUNT ROAD MARYMOUNT MRT STATION (CC16) SINGAPORE 573993,573993,28679.3687734958,36758.7136478554,1.348707263451,103.839423132332,MARYMOUNT,2009-05-28
138,60,MERPATI ROAD,60 MERPATI ROAD MATTAR MRT STATION (DT25) SINGAPORE 379314,379314,33556.5834402461,34344.8585332558,1.32687671501334,103.883247509542,MATTAR,2017-10-21
31,321,SOUTH BRIDGE ROAD,321 SOUTH BRIDGE ROAD MAXWELL MRT STATION (TE18) SINGAPORE 058841,058841,29175.8088360233,29220.3885515537,1.28053329842878,103.843883670633,MAXWELL,2022-11-13
139,91,ANG MO KIO AVENUE 4,91 ANG MO KIO AVENUE 4 MAYFLOWER MRT STATION (TE6) SINGAPORE 569900,569900,28361.5950495424,39274.947190579,1.37146318831015,103.836567766945,MAYFLOWER,2021-08-28
129,301,MOUNTBATTEN ROAD,301 MOUNTBATTEN ROAD MOUNTBATTEN MRT STATION (CC7) SINGAPORE 398006,398006,33476.563426869,32058.7418466732,1.30620190525331,103.882528081052,MOUNTBATTEN,2010-04-17
16,2,NAPIER ROAD,2 NAPIER ROAD NAPIER MRT STATION (TE12) SINGAPORE 258511,258511,26401.666707457,32122.8625724912,1.30678223364785,103.818956796815,NAPIER,2022-11-13
108,49,SCOTTS ROAD,49 SCOTTS ROAD NEWTON MRT STATION (NS21) SINGAPORE 228234,228234,28519.2830723543,32735.0770371091,1.3123189224097,103.837984594021,NEWTON,1987-12-12
23,20,REPUBLIC AVENUE,20 REPUBLIC AVENUE NICOLL HIGHWAY MRT STATION (CC5) SINGAPORE 038970,038970,31374.1649264134,31347.1528697051,1.29976684675139,103.86363696572,NICOLL HIGHWAY,2010-04-17
116,250,THOMSON ROAD,250 THOMSON ROAD NOVENA MRT STATION (NS20) SINGAPORE 307642,307642,29169.3297925005,33633.1535391063,1.32044079120154,103.843825618748,NOVENA,1987-12-12
37,9,AYER RAJAH AVENUE,9 AYER RAJAH AVENUE ONE-NORTH MRT STATION (CC23) SINGAPORE 138647,138647,22896.0728127016,31346.4080956969,1.29975987493555,103.78745750525,ONE-NORTH,2011-10-08
112,301,ORCHARD BOULEVARD,301 ORCHARD BOULEVARD ORCHARD MRT STATION (TE14) SINGAPORE 237974,237974,27783.6973352153,31709.5324909948,1.30304426265194,103.831375000068,ORCHARD,1987-12-12
98,20,ORCHARD BOULEVARD,20 ORCHARD BOULEVARD ORCHARD BOULEVARD MRT STATION (TE13) SINGAPORE 248654,248654,26948.2945375377,31640.7552477568,1.30242224836722,103.823868523249,ORCHARD BOULEVARD,2022-11-13
33,300,EU TONG SEN STREET,300 EU TONG SEN STREET OUTRAM PARK MRT STATION (NE3) SINGAPORE 059816,059816,28681.2492930563,29130.5222722683,1.27972059383553,103.839439862425,OUTRAM PARK,1987-12-12
69,119,PASIR PANJANG ROAD,119 PASIR PANJANG ROAD PASIR PANJANG MRT STATION (CC26) SINGAPORE 117424,117424,23329.2647148455,28742.7657615561,1.27621352233766,103.791350313288,PASIR PANJANG,2011-10-08
48,10,PASIR RIS CENTRAL,10 PASIR RIS CENTRAL PASIR RIS MRT STATION (EW1) SINGAPORE 519634,519634,40905.597462655,39449.9823396821,1.37304331635804,103.949284527763,PASIR RIS,1989-12-16
76,15,PAYA LEBAR ROAD,15 PAYA LEBAR ROAD PAYA LEBAR MRT STATION (CC9) SINGAPORE 409049,409049,34559.6916920897,33280.1181892157,1.3172473854035,103.892260753884,PAYA LEBAR,1989-11-04
130,31,JURONG WEST STREET 63,31 JURONG WEST STREET 63 PIONEER MRT STATION (EW28) SINGAPORE 648310,648310,12864.9698331021,35529.5115483906,1.33758701106708,103.697321608474,PIONEER,2009-02-28
136,55,UPPER SERANGOON ROAD,55 UPPER SERANGOON ROAD POTONG PASIR MRT STATION (NE10) SINGAPORE 347694,347694,31977.1667550961,34842.7250955887,1.33137949021368,103.869055656782,POTONG PASIR,2003-06-20
17,2,TEMASEK AVENUE,2 TEMASEK AVENUE PROMENADE MRT STATION (CC4) SINGAPORE 039193,039193,31008.3618750935,30709.2578067128,1.29399798636232,103.860350000188,PROMENADE,2010-04-17
157,70,PUNGGOL CENTRAL,70 PUNGGOL CENTRAL PUNGGOL MRT STATION (NE17) SINGAPORE 828868,828868,35651.382800173,42933.2482692804,1.40454653668991,103.902072622229,PUNGGOL,2003-06-20
74,301,COMMONWEALTH AVENUE,301 COMMONWEALTH AVENUE QUEENSTOWN MRT STATION (EW19) SINGAPORE 149729,149729,24968.2673462247,30770.3911128063,1.29455085184931,103.806077155982,QUEENSTOWN,1988-03-12
25,5,RAFFLES PLACE,5 RAFFLES PLACE RAFFLES PLACE MRT STATION (EW14 / NS26) SINGAPORE 048618,048618,30019.180527918,29617.6125848945,1.28412561043658,103.851461712342,RAFFLES PLACE,1987-12-12
82,920,TIONG BAHRU ROAD,920 TIONG BAHRU ROAD REDHILL MRT STATION (EW18) SINGAPORE 158792,158792,26155.053497511,30226.759782847,1.28963453412887,103.81674097205,REDHILL,1988-03-12
62,11,ROCHOR CANAL ROAD,11 ROCHOR CANAL ROAD ROCHOR MRT STATION (DT13) SINGAPORE 188505,188505,30164.7018503863,31798.8766778279,1.30385218527656,103.852769428884,ROCHOR,2015-12-27
59,11,CANBERRA ROAD,11 CANBERRA ROAD SEMBAWANG MRT STATION (NS11) SINGAPORE 759775,759775,26522.9882623879,47854.1998395547,1.44905082158502,103.820046140211,SEMBAWANG,1996-02-10
27,5,SENGKANG SQUARE,5 SENGKANG SQUARE SENGKANG MRT STATION (NE16) SINGAPORE 545062,545062,34918.2740132138,41512.1276907362,1.39169462601522,103.895484694279,SENGKANG,2003-06-20
105,21,SERANGOON CENTRAL,21 SERANGOON CENTRAL SERANGOON MRT STATION (CC13) SINGAPORE 556082,556082,32390.6852547908,36971.7545485683,1.35063361526525,103.872771660431,SERANGOON,2003-06-20
9,2,PARK STREET,2 PARK STREET SHENTON WAY MRT STATION (TE19) SINGAPORE 018928,018928,29897.4191489154,28908.9617211055,1.2777168283425,103.850367596067,SHENTON WAY,2022-11-13
125,30,SIMEI STREET 3,30 SIMEI STREET 3 SIMEI MRT STATION (EW3) SINGAPORE 529888,529888,41361.2281713123,36149.7527796105,1.34319707851829,103.953377214378,SIMEI,1989-12-16
121,777,BUKIT TIMAH ROAD,777 BUKIT TIMAH ROAD SIXTH AVENUE MRT STATION (DT7) SINGAPORE 269784,269784,23947.7493738988,34785.0233010761,1.33085764536226,103.796906838288,SIXTH AVENUE,2015-12-27
4,1,SOMERSET ROAD,1 SOMERSET ROAD SOMERSET MRT STATION (NS23) SINGAPORE 238162,238162,28641.8346576076,31402.1245223526,1.30026416739006,103.839085753124,SOMERSET,1987-12-12
159,825,UPPER THOMSON ROAD,825 UPPER THOMSON ROAD SPRINGLEAF MRT STATION (TE4) SINGAPORE 787140,787140,26279.3279363979,42162.9344399534,1.39758106126824,103.817856949947,SPRINGLEAF,2021-08-28
22,3,STADIUM WALK,3 STADIUM WALK STADIUM MRT STATION (CC6) SINGAPORE 397692,397692,32676.3477050858,31683.9407594204,1.3028124684707,103.875337711089,STADIUM,2010-04-17
117,92,STEVENS ROAD,92 STEVENS ROAD STEVENS MRT STATION (DT10) SINGAPORE 257877,257877,27188.2299643802,33591.6608552355,1.32006555750626,103.826024401924,STEVENS,2015-12-27
134,33,UPPER PAYA LEBAR ROAD,33 UPPER PAYA LEBAR ROAD TAI SENG MRT STATION (CC11) SINGAPORE 534803,534803,34128.792347569,35258.74881576,1.33514150139202,103.888389300191,TAI SENG,2010-04-17
42,20,TAMPINES CENTRAL 1,20 TAMPINES CENTRAL 1 TAMPINES MRT STATION (EW2) SINGAPORE 529538,529538,40444.9732025806,37267.0262664594,1.35330167637376,103.945144586749,TAMPINES,1989-12-16
99,20,TAMPINES AVENUE 7,20 TAMPINES AVENUE 7 TAMPINES EAST MRT STATION (DT33) SINGAPORE 529623,529623,41501.0748521937,37586.6177644413,1.35619148271544,103.9546344625,TAMPINES EAST,2017-10-21
19,2,TAMPINES AVENUE 4,2 TAMPINES AVENUE 4 TAMPINES WEST MRT STATION (DT31) SINGAPORE 529683,529683,39698.5275852969,36406.0143331178,1.34551530560119,103.938436971222,TAMPINES WEST,2017-10-21
119,651,BUKIT TIMAH ROAD,651 BUKIT TIMAH ROAD TAN KAH KEE MRT STATION (DT8) SINGAPORE 266268,266268,25155.6221095249,34198.8053115103,1.32555623519898,103.807760304729,TAN KAH KEE,2015-12-27
141,920,NEW UPPER CHANGI ROAD,920 NEW UPPER CHANGI ROAD TANAH MERAH MRT STATION (EW4) SINGAPORE 467356,467356,40579.0997793637,34379.4316836372,1.32718729074675,103.946348600798,TANAH MERAH,1989-11-04
36,120,MAXWELL ROAD,120 MAXWELL ROAD TANJONG PAGAR MRT STATION (EW15) SINGAPORE 069119,069119,29380.7567437869,28781.1883335691,1.27656131737246,103.845725186759,TANJONG PAGAR,1987-12-12
24,7,CROSS STREET,7 CROSS STREET TELOK AYER MRT STATION (DT18) SINGAPORE 048416,048416,29706.1259155739,29390.1953907572,1.28206894769394,103.848648781083,TELOK AYER,2013-12-22
56,463,TELOK BLANGAH ROAD,463 TELOK BLANGAH ROAD TELOK BLANGAH MRT STATION (CC28) SINGAPORE 109028,109028,25378.2908018399,28133.7990515903,1.27070647717762,103.809761611219,TELOK BLANGAH,2011-10-08
83,300,TIONG BAHRU ROAD,300 TIONG BAHRU ROAD TIONG BAHRU MRT STATION (EW17) SINGAPORE 168731,168731,27346.3322650846,29836.2044219468,1.28610253615775,103.827445112419,TIONG BAHRU,1988-03-12
132,510,LORONG 6 TOA PAYOH,510 LORONG 6 TOA PAYOH TOA PAYOH MRT STATION (NS19) SINGAPORE 319398,319398,29578.4890669128,34980.8962922301,1.33262928096888,103.847502198048,TOA PAYOH,1987-11-07
153,90,PIONEER ROAD,90 PIONEER ROAD TUAS CRESCENT MRT STATION (EW31) SINGAPORE 639608,639608,7495.83786702435,33698.7263109088,1.32102695598684,103.649078235627,TUAS CRESCENT,2017-06-18
96,20,TUAS WEST DRIVE,20 TUAS WEST DRIVE TUAS LINK MRT STATION (EW33) SINGAPORE 638418,638418,6150.86278806347,35894.3582222275,1.34088242451105,103.636991425128,TUAS LINK,2017-06-18
72,131,PIONEER ROAD,131 PIONEER ROAD TUAS WEST ROAD MRT STATION (EW32) SINGAPORE 639609,639609,6442.92861192208,34689.3517738562,1.32998504653102,103.639616648771,TUAS WEST ROAD,2017-06-18
94,51,UBI AVENUE 2,51 UBI AVENUE 2 UBI MRT STATION (DT27) SINGAPORE 408899,408899,35334.8918333696,34687.4109907392,1.32997425973974,103.899226655439,UBI,2017-10-21
143,690,UPPER CHANGI ROAD EAST,690 UPPER CHANGI ROAD EAST UPPER CHANGI MRT STATION (DT34) SINGAPORE 485990,485990,42262.187971171,35988.6568845119,1.34173977444995,103.961472788634,UPPER CHANGI,2017-10-21
5,1,JALAN KELI,1 JALAN KELI UPPER THOMSON MRT STATION (TE8) SINGAPORE 577937,577937,27953.2465030747,37390.003691975,1.35441643365401,103.832898468504,UPPER THOMSON,2021-08-28
60,11,WOODLANDS SQUARE,11 WOODLANDS SQUARE WOODLANDS MRT STATION (TE2) SINGAPORE 737736,737736,22949.9191319831,46417.5223346148,1.43605761708128,103.787938777173,WOODLANDS,1996-02-10
97,20,WOODLANDS NORTH COAST ROAD,20 WOODLANDS NORTH COAST ROAD WOODLANDS NORTH MRT STATION (TE1) SINGAPORE 737668,737668,22699.9912448721,47770.3945726696,1.44829245259621,103.785692682441,WOODLANDS NORTH,2020-01-31
84,30,WOODLANDS DRIVE 17,30 WOODLANDS DRIVE 17 WOODLANDS SOUTH MRT STATION (TE3) SINGAPORE 737741,737741,23542.5545697259,45459.758821588,1.42739605281442,103.79326432221,WOODLANDS SOUTH,2020-01-31
137,400,UPPER SERANGOON ROAD,400 UPPER SERANGOON ROAD WOODLEIGH MRT STATION (NE11) SINGAPORE 347695,347695,32173.3185749156,35706.3793633711,1.33919004519388,103.87081830915,WOODLEIGH,2011-06-20
150,61,CHOA CHU KANG DRIVE,61 CHOA CHU KANG DRIVE YEW TEE MRT STATION (NS5) SINGAPORE 689715,689715,18438.9831173802,42158.0181021616,1.39753506936297,103.747405150236,YEW TEE,1996-02-10
127,3000,ANG MO KIO AVENUE 8,3000 ANG MO KIO AVENUE 8 YIO CHU KANG MRT STATION (NS15) SINGAPORE 569813,569813,29294.1262330338,40413.0626359228,1.38175587099132,103.84494727118,YIO CHU KANG,1987-11-07
95,301,YISHUN AVENUE 2,301 YISHUN AVENUE 2 YISHUN MRT STATION (NS13) SINGAPORE 769093,769093,28187.6788169928,45686.0705381557,1.42944308477331,103.835005047246,YISHUN,1988-12-20
