Date,Quarter,Year,5 year bond yields,GDPm (Current Prices),GDP per capita,GNI per capita,Personal Income m,Unemployment Rate,Core inflation,Median Household Inc,Total Residential Properties,  1-Room Residential Properties,  2-Room Residential Properties,  3-Room Residential Properties,  4-Room Residential Properties,  5-Room Residential Properties,  Executive Properties,"Lime, Cement, & Fabricated Construction Materials Excl Glass & Clay Materials",Clay Construction Materials & Refractory Construction Materials,Stamp Duty,LTV Value
Jan-90,1990 1Q,1990,5.22,"16,669.50","22,901.00","23,134.00","9,046.80",#N/A,61.59,"2,296.00",623821,28697,42206,252044,202046,71754,21602,99.488,81.242,0.03,0.9
Feb-90,1990 1Q,1990,5.16,"16,669.50","22,901.00","23,134.00","9,046.80",#N/A,61.7,"2,296.00",623821,28697,42206,252044,202046,71754,21602,98.948,81.167,0.03,0.9
Mar-90,1990 1Q,1990,5.22,"16,669.50","22,901.00","23,134.00","9,046.80",#N/A,61.48,"2,296.00",623821,28697,42206,252044,202046,71754,21602,101.752,80.572,0.03,0.9
Apr-90,1990 2Q,1990,5.34,"17,087.70","22,901.00","23,134.00","9,460.30",#N/A,61.86,"2,296.00",623821,28697,42206,252044,202046,71754,21602,102.506,80.647,0.03,0.9
May-90,1990 2Q,1990,5.25,"17,087.70","22,901.00","23,134.00","9,460.30",#N/A,61.99,"2,296.00",623821,28697,42206,252044,202046,71754,21602,103.799,80.2,0.03,0.9
Jun-90,1990 2Q,1990,5.19,"17,087.70","22,901.00","23,134.00","9,460.30",#N/A,61.99,"2,296.00",623821,28697,42206,252044,202046,71754,21602,103.475,80.2,0.03,0.9
Jul-90,1990 3Q,1990,5.22,"17,930.10","22,901.00","23,134.00","9,962.40",#N/A,61.92,"2,296.00",623821,28697,42206,252044,202046,71754,21602,104.985,80.126,0.03,0.9
Aug-90,1990 3Q,1990,5.48,"17,930.10","22,901.00","23,134.00","9,962.40",#N/A,61.92,"2,296.00",623821,28697,42206,252044,202046,71754,21602,104.338,80.126,0.03,0.9
Sep-90,1990 3Q,1990,5.49,"17,930.10","22,901.00","23,134.00","9,962.40",#N/A,61.84,"2,296.00",623821,28697,42206,252044,202046,71754,21602,105.308,79.605,0.03,0.9
Oct-90,1990 4Q,1990,5.42,"18,805.00","22,901.00","23,134.00","10,073.90",#N/A,62.41,"2,296.00",623821,28697,42206,252044,202046,71754,21602,108.003,79.53,0.03,0.9
Nov-90,1990 4Q,1990,5.22,"18,805.00","22,901.00","23,134.00","10,073.90",#N/A,62.98,"2,296.00",623821,28697,42206,252044,202046,71754,21602,108.111,79.53,0.03,0.9
Dec-90,1990 4Q,1990,5.19,"18,805.00","22,901.00","23,134.00","10,073.90",#N/A,63.45,"2,296.00",623821,28697,42206,252044,202046,71754,21602,108.65,79.456,0.03,0.9
Jan-91,1991 1Q,1991,5.2,"18,521.00","24,674.00","25,053.00","10,509.50",#N/A,63.56,"2,442.94",626313,28125,38445,248358,207773,74714,23426,107.788,81.242,0.03,0.9
Feb-91,1991 1Q,1991,5.11,"18,521.00","24,674.00","25,053.00","10,509.50",#N/A,64.02,"2,442.94",626313,28125,38445,248358,207773,74714,23426,108.758,81.018,0.03,0.9
Mar-91,1991 1Q,1991,5.03,"18,521.00","24,674.00","25,053.00","10,509.50",#N/A,63.91,"2,442.94",626313,28125,38445,248358,207773,74714,23426,109.19,81.242,0.03,0.9
Apr-91,1991 2Q,1991,5.02,"19,058.10","24,674.00","25,053.00","10,810.40",#N/A,64.23,"2,442.94",626313,28125,38445,248358,207773,74714,23426,108.65,78.638,0.03,0.9
May-91,1991 2Q,1991,5.03,"19,058.10","24,674.00","25,053.00","10,810.40",#N/A,64.32,"2,442.94",626313,28125,38445,248358,207773,74714,23426,107.14,78.712,0.03,0.9
Jun-91,1991 2Q,1991,5.08,"19,058.10","24,674.00","25,053.00","10,810.40",#N/A,64.35,"2,442.94",626313,28125,38445,248358,207773,74714,23426,108.218,78.712,0.03,0.9
Jul-91,1991 3Q,1991,5.08,"20,151.60","24,674.00","25,053.00","10,990.00",#N/A,64.46,"2,442.94",626313,28125,38445,248358,207773,74714,23426,108.65,78.563,0.03,0.9
Aug-91,1991 3Q,1991,5.15,"20,151.60","24,674.00","25,053.00","10,990.00",#N/A,64.41,"2,442.94",626313,28125,38445,248358,207773,74714,23426,108.542,78.415,0.03,0.9
Sep-91,1991 3Q,1991,4.98,"20,151.60","24,674.00","25,053.00","10,990.00",#N/A,64.53,"2,442.94",626313,28125,38445,248358,207773,74714,23426,108.758,78.488,0.03,0.9
Oct-91,1991 4Q,1991,4.82,"20,812.10","24,674.00","25,053.00","11,158.10",#N/A,64.63,"2,442.94",626313,28125,38445,248358,207773,74714,23426,108.326,81.986,0.03,0.9
Nov-91,1991 4Q,1991,4.72,"20,812.10","24,674.00","25,053.00","11,158.10",#N/A,64.67,"2,442.94",626313,28125,38445,248358,207773,74714,23426,107.357,81.167,0.03,0.9
Dec-91,1991 4Q,1991,4.68,"20,812.10","24,674.00","25,053.00","11,158.10",#N/A,65.2,"2,442.94",626313,28125,38445,248358,207773,74714,23426,106.17,81.465,0.03,0.9
Jan-92,1992 1Q,1992,4.27,"19,958.90","26,301.00","26,285.00","11,220.50",1.8,65.06,"2,599.29",641016,27470,36671,247030,211455,83213,29713,105.74,80.869,0.03,0.9
Feb-92,1992 1Q,1992,4.08,"19,958.90","26,301.00","26,285.00","11,220.50",1.8,65.09,"2,599.29",641016,27470,36671,247030,211455,83213,29713,105.74,80.869,0.03,0.9
Mar-92,1992 1Q,1992,4.06,"19,958.90","26,301.00","26,285.00","11,220.50",1.8,64.97,"2,599.29",641016,27470,36671,247030,211455,83213,29713,106.602,80.126,0.03,0.9
Apr-92,1992 2Q,1992,4.26,"20,381.90","26,301.00","26,285.00","11,271.90",1.8,65.21,"2,599.29",641016,27470,36671,247030,211455,83213,29713,105.417,79.456,0.03,0.9
May-92,1992 2Q,1992,4.14,"20,381.90","26,301.00","26,285.00","11,271.90",1.8,65.44,"2,599.29",641016,27470,36671,247030,211455,83213,29713,105.092,80.2,0.03,0.9
Jun-92,1992 2Q,1992,4.08,"20,381.90","26,301.00","26,285.00","11,271.90",1.8,65.43,"2,599.29",641016,27470,36671,247030,211455,83213,29713,102.72,78.415,0.03,0.9
Jul-92,1992 3Q,1992,3.99,"21,674.30","26,301.00","26,285.00","11,445.00",1.8,65.58,"2,599.29",641016,27470,36671,247030,211455,83213,29713,102.72,77.82,0.03,0.9
Aug-92,1992 3Q,1992,4.01,"21,674.30","26,301.00","26,285.00","11,445.00",1.8,65.4,"2,599.29",641016,27470,36671,247030,211455,83213,29713,102.398,77.82,0.03,0.9
Sep-92,1992 3Q,1992,3.8,"21,674.30","26,301.00","26,285.00","11,445.00",1.8,65.46,"2,599.29",641016,27470,36671,247030,211455,83213,29713,102.398,77.224,0.03,0.9
Oct-92,1992 4Q,1992,3.67,"22,905.10","26,301.00","26,285.00","11,705.50",1.8,65.56,"2,599.29",641016,27470,36671,247030,211455,83213,29713,101.968,77.299,0.03,0.9
Nov-92,1992 4Q,1992,3.82,"22,905.10","26,301.00","26,285.00","11,705.50",1.8,65.71,"2,599.29",641016,27470,36671,247030,211455,83213,29713,102.074,76.852,0.03,0.9
Dec-92,1992 4Q,1992,3.79,"22,905.10","26,301.00","26,285.00","11,705.50",1.8,65.87,"2,599.29",641016,27470,36671,247030,211455,83213,29713,102.506,77.075,0.03,0.9
Jan-93,1993 1Q,1993,3.73,"22,554.20","28,929.00","29,553.00","11,938.00",1.8,66.46,"2,765.65",655487,27446,36682,244824,215467,90431,35173,101.428,76.108,0.03,0.9
Feb-93,1993 1Q,1993,3.57,"22,554.20","28,929.00","29,553.00","11,938.00",1.8,66.08,"2,765.65",655487,27446,36682,244824,215467,90431,35173,100.89,76.182,0.03,0.9
Mar-93,1993 1Q,1993,3.11,"22,554.20","28,929.00","29,553.00","11,938.00",1.8,66.21,"2,765.65",655487,27446,36682,244824,215467,90431,35173,102.398,76.108,0.03,0.9
Apr-93,1993 2Q,1993,3.07,"23,633.70","28,929.00","29,553.00","12,353.70",1.8,66.32,"2,765.65",655487,27446,36682,244824,215467,90431,35173,102.937,76.108,0.03,0.9
May-93,1993 2Q,1993,3.15,"23,633.70","28,929.00","29,553.00","12,353.70",1.8,66.51,"2,765.65",655487,27446,36682,244824,215467,90431,35173,104.662,75.885,0.03,0.9
Jun-93,1993 2Q,1993,2.9,"23,633.70","28,929.00","29,553.00","12,353.70",1.8,66.49,"2,765.65",655487,27446,36682,244824,215467,90431,35173,104.985,75.885,0.03,0.9
Jul-93,1993 3Q,1993,2.88,"24,980.30","28,929.00","29,553.00","12,629.80",1.8,66.79,"2,765.65",655487,27446,36682,244824,215467,90431,35173,105.524,76.257,0.03,0.9
Aug-93,1993 3Q,1993,2.9,"24,980.30","28,929.00","29,553.00","12,629.80",1.8,66.65,"2,765.65",655487,27446,36682,244824,215467,90431,35173,107.248,75.513,0.03,0.9
Sep-93,1993 3Q,1993,2.94,"24,980.30","28,929.00","29,553.00","12,629.80",1.8,66.59,"2,765.65",655487,27446,36682,244824,215467,90431,35173,108.326,75.439,0.03,0.9
Oct-93,1993 4Q,1993,2.69,"26,754.90","28,929.00","29,553.00","13,132.50",1.8,66.74,"2,765.65",655487,27446,36682,244824,215467,90431,35173,107.788,75.364,0.03,0.9
Nov-93,1993 4Q,1993,2.67,"26,754.90","28,929.00","29,553.00","13,132.50",1.8,66.89,"2,765.65",655487,27446,36682,244824,215467,90431,35173,107.896,75.364,0.03,0.9
Dec-93,1993 4Q,1993,2.94,"26,754.90","28,929.00","29,553.00","13,132.50",1.8,67.01,"2,765.65",655487,27446,36682,244824,215467,90431,35173,108.218,74.843,0.03,0.9
Jan-94,1994 1Q,1994,3.17,"26,288.30","32,963.00","32,921.00","13,622.80",1.6,67.24,"2,942.65",676558,26769,36127,242128,224417,100899,40754,109.19,73.281,0.03,0.9
Feb-94,1994 1Q,1994,3.19,"26,288.30","32,963.00","32,921.00","13,622.80",1.6,67.7,"2,942.65",676558,26769,36127,242128,224417,100899,40754,108.326,73.207,0.03,0.9
Mar-94,1994 1Q,1994,3.24,"26,288.30","32,963.00","32,921.00","13,622.80",1.6,67.47,"2,942.65",676558,26769,36127,242128,224417,100899,40754,108.003,73.728,0.03,0.9
Apr-94,1994 2Q,1994,3.39,"26,949.00","32,963.00","32,921.00","13,950.00",1.6,67.85,"2,942.65",676558,26769,36127,242128,224417,100899,40754,108.003,74.546,0.03,0.9
May-94,1994 2Q,1994,3.49,"26,949.00","32,963.00","32,921.00","13,950.00",1.6,68.15,"2,942.65",676558,26769,36127,242128,224417,100899,40754,107.033,74.397,0.03,0.9
Jun-94,1994 2Q,1994,3.65,"26,949.00","32,963.00","32,921.00","13,950.00",1.6,68.44,"2,942.65",676558,26769,36127,242128,224417,100899,40754,106.17,74.174,0.03,0.9
Jul-94,1994 3Q,1994,3.71,"29,045.00","32,963.00","32,921.00","14,441.60",1.6,68.56,"2,942.65",676558,26769,36127,242128,224417,100899,40754,106.817,73.95,0.03,0.9
Aug-94,1994 3Q,1994,3.73,"29,045.00","32,963.00","32,921.00","14,441.60",1.6,68.6,"2,942.65",676558,26769,36127,242128,224417,100899,40754,108.542,74.322,0.03,0.9
Sep-94,1994 3Q,1994,3.7,"29,045.00","32,963.00","32,921.00","14,441.60",1.6,68.57,"2,942.65",676558,26769,36127,242128,224417,100899,40754,107.033,73.801,0.03,0.9
Oct-94,1994 4Q,1994,3.86,"30,273.10","32,963.00","32,921.00","14,981.40",1.6,68.72,"2,942.65",676558,26769,36127,242128,224417,100899,40754,106.71,73.801,0.03,0.9
Nov-94,1994 4Q,1994,3.93,"30,273.10","32,963.00","32,921.00","14,981.40",1.6,68.83,"2,942.65",676558,26769,36127,242128,224417,100899,40754,106.386,73.728,0.03,0.9
Dec-94,1994 4Q,1994,3.92,"30,273.10","32,963.00","32,921.00","14,981.40",1.6,68.82,"2,942.65",676558,26769,36127,242128,224417,100899,40754,106.493,73.728,0.03,0.9
Jan-95,1995 1Q,1995,4.01,"28,926.80","35,569.00","35,314.00","15,352.30",1.9,69.28,"3,135.00",700060,25930,35165,241085,236798,111664,44100,106.936,76.316,0.03,0.9
Feb-95,1995 1Q,1995,3.91,"28,926.80","35,569.00","35,314.00","15,352.30",1.9,69.52,"3,135.00",700060,25930,35165,241085,236798,111664,44100,107.055,76.272,0.03,0.9
Mar-95,1995 1Q,1995,3.29,"28,926.80","35,569.00","35,314.00","15,352.30",1.9,69.36,"3,135.00",700060,25930,35165,241085,236798,111664,44100,106.72,75.483,0.03,0.9
Apr-95,1995 2Q,1995,2.82,"30,105.40","35,569.00","35,314.00","15,769.50",1.9,69.63,"3,135.00",700060,25930,35165,241085,236798,111664,44100,106.225,73.787,0.03,0.9
May-95,1995 2Q,1995,2.45,"30,105.40","35,569.00","35,314.00","15,769.50",1.9,69.74,"3,135.00",700060,25930,35165,241085,236798,111664,44100,106.377,74.129,0.03,0.9
Jun-95,1995 2Q,1995,2.57,"30,105.40","35,569.00","35,314.00","15,769.50",1.9,69.76,"3,135.00",700060,25930,35165,241085,236798,111664,44100,107.54,73.251,0.03,0.9
Jul-95,1995 3Q,1995,3.15,"32,070.80","35,569.00","35,314.00","16,261.70",1.9,69.79,"3,135.00",700060,25930,35165,241085,236798,111664,44100,108.316,73.824,0.03,0.9
Aug-95,1995 3Q,1995,3.07,"32,070.80","35,569.00","35,314.00","16,261.70",1.9,69.9,"3,135.00",700060,25930,35165,241085,236798,111664,44100,108.359,74.546,0.03,0.9
Sep-95,1995 3Q,1995,2.96,"32,070.80","35,569.00","35,314.00","16,261.70",1.9,69.9,"3,135.00",700060,25930,35165,241085,236798,111664,44100,108.779,74.047,0.03,0.9
Oct-95,1995 4Q,1995,2.86,"33,360.30","35,569.00","35,314.00","16,655.60",1.9,69.89,"3,135.00",700060,25930,35165,241085,236798,111664,44100,109.135,73.839,0.03,0.9
Nov-95,1995 4Q,1995,2.83,"33,360.30","35,569.00","35,314.00","16,655.60",1.9,70.12,"3,135.00",700060,25930,35165,241085,236798,111664,44100,109.005,72.879,0.03,0.9
Dec-95,1995 4Q,1995,2.75,"33,360.30","35,569.00","35,314.00","16,655.60",1.9,70.04,"3,135.00",700060,25930,35165,241085,236798,111664,44100,108.995,74.382,0.03,0.9
Jan-96,1996 1Q,1996,2.74,"32,774.30","36,724.00","36,989.00","17,022.40",1.8,70.23,"3,367.00",725144,25540,34939,240164,252809,121486,46134,109.285,73.095,0.03,0.9
Feb-96,1996 1Q,1996,2.7,"32,774.30","36,724.00","36,989.00","17,022.40",1.8,70.91,"3,367.00",725144,25540,34939,240164,252809,121486,46134,109.19,72.842,0.03,0.9
Mar-96,1996 1Q,1996,2.29,"32,774.30","36,724.00","36,989.00","17,022.40",1.8,70.51,"3,367.00",725144,25540,34939,240164,252809,121486,46134,109.566,72.232,0.03,0.9
Apr-96,1996 2Q,1996,2.29,"33,179.00","36,724.00","36,989.00","17,330.40",1.8,70.72,"3,367.00",725144,25540,34939,240164,252809,121486,46134,109.598,72.82,0.03,0.9
May-96,1996 2Q,1996,2.29,"33,179.00","36,724.00","36,989.00","17,330.40",1.8,70.94,"3,367.00",725144,25540,34939,240164,252809,121486,46134,109.717,72.009,0.03,0.9
Jun-96,1996 2Q,1996,2.32,"33,179.00","36,724.00","36,989.00","17,330.40",1.8,71.03,"3,367.00",725144,25540,34939,240164,252809,121486,46134,110.299,72.329,0.03,0.9
Jul-96,1996 3Q,1996,2.51,"33,910.50","36,724.00","36,989.00","17,614.50",1.8,71.08,"3,367.00",725144,25540,34939,240164,252809,121486,46134,110.128,72.872,0.03,0.9
Aug-96,1996 3Q,1996,2.45,"33,910.50","36,724.00","36,989.00","17,614.50",1.8,71.21,"3,367.00",725144,25540,34939,240164,252809,121486,46134,109.964,72.039,0.03,0.9
Sep-96,1996 3Q,1996,2.53,"33,910.50","36,724.00","36,989.00","17,614.50",1.8,71.22,"3,367.00",725144,25540,34939,240164,252809,121486,46134,109.728,72.477,0.03,0.9
Oct-96,1996 4Q,1996,2.84,"35,913.40","36,724.00","36,989.00","17,927.80",1.8,71.21,"3,367.00",725144,25540,34939,240164,252809,121486,46134,110.04,71.838,0.03,0.9
Nov-96,1996 4Q,1996,3.03,"35,913.40","36,724.00","36,989.00","17,927.80",1.8,71.38,"3,367.00",725144,25540,34939,240164,252809,121486,46134,109.156,72.634,0.03,0.9
Dec-96,1996 4Q,1996,2.98,"35,913.40","36,724.00","36,989.00","17,927.80",1.8,71.51,"3,367.00",725144,25540,34939,240164,252809,121486,46134,108.952,71.042,0.03,0.9
Jan-97,1997 1Q,1997,2.94,"34,790.50","39,930.00","39,163.00","18,318.50",1.4,71.52,"3,617.00",755313,25182,34610,239562,267517,134051,50320,112.53,69.628,0.03,0.9
Feb-97,1997 1Q,1997,2.95,"34,790.50","39,930.00","39,163.00","18,318.50",1.4,72.09,"3,617.00",755313,25182,34610,239562,267517,134051,50320,112.217,68.847,0.03,0.9
Mar-97,1997 1Q,1997,3.18,"34,790.50","39,930.00","39,163.00","18,318.50",1.4,71.67,"3,617.00",755313,25182,34610,239562,267517,134051,50320,112.444,68.78,0.03,0.9
Apr-97,1997 2Q,1997,3.15,"36,840.40","39,930.00","39,163.00","18,846.10",1.4,71.79,"3,617.00",755313,25182,34610,239562,267517,134051,50320,112.39,68.252,0.03,0.9
May-97,1997 2Q,1997,3.46,"36,840.40","39,930.00","39,163.00","18,846.10",1.4,71.82,"3,617.00",755313,25182,34610,239562,267517,134051,50320,111.937,68.252,0.03,0.9
Jun-97,1997 2Q,1997,3.39,"36,840.40","39,930.00","39,163.00","18,846.10",1.4,71.81,"3,617.00",755313,25182,34610,239562,267517,134051,50320,111.733,68.817,0.03,0.9
Jul-97,1997 3Q,1997,3.4,"38,251.60","39,930.00","39,163.00","19,301.00",1.4,72.02,"3,617.00",755313,25182,34610,239562,267517,134051,50320,112.261,68.177,0.03,0.9
Aug-97,1997 3Q,1997,3.61,"38,251.60","39,930.00","39,163.00","19,301.00",1.4,72.35,"3,617.00",755313,25182,34610,239562,267517,134051,50320,112.486,68.415,0.03,0.9
Sep-97,1997 3Q,1997,3.59,"38,251.60","39,930.00","39,163.00","19,301.00",1.4,72.55,"3,617.00",755313,25182,34610,239562,267517,134051,50320,111.839,68.572,0.03,0.9
Oct-97,1997 4Q,1997,3.56,"38,781.90","39,930.00","39,163.00","19,629.70",1.4,72.41,"3,617.00",755313,25182,34610,239562,267517,134051,50320,112.056,69.063,0.03,0.9
Nov-97,1997 4Q,1997,3.96,"38,781.90","39,930.00","39,163.00","19,629.70",1.4,72.53,"3,617.00",755313,25182,34610,239562,267517,134051,50320,111.916,68.944,0.03,0.9
Dec-97,1997 4Q,1997,3.89,"38,781.90","39,930.00","39,163.00","19,629.70",1.4,72.53,"3,617.00",755313,25182,34610,239562,267517,134051,50320,112.767,68.691,0.03,0.9
Jan-98,1998 1Q,1998,4.01,"35,996.40","37,072.00","36,534.00","19,741.40",1.9,72.91,"3,692.00",790898,25161,34592,238860,282601,150556,55711,115.807,68.415,0.03,0.9
Feb-98,1998 1Q,1998,3.92,"35,996.40","37,072.00","36,534.00","19,741.40",1.9,72.82,"3,692.00",790898,25161,34592,238860,282601,150556,55711,114.384,67.746,0.03,0.9
Mar-98,1998 1Q,1998,3.98,"35,996.40","37,072.00","36,534.00","19,741.40",1.9,72.41,"3,692.00",790898,25161,34592,238860,282601,150556,55711,110.299,67.002,0.03,0.9
Apr-98,1998 2Q,1998,3.89,"35,854.70","37,072.00","36,534.00","19,802.00",1.9,72.46,"3,692.00",790898,25161,34592,238860,282601,150556,55711,109.254,66.466,0.03,0.9
May-98,1998 2Q,1998,3.95,"35,854.70","37,072.00","36,534.00","19,802.00",1.9,72.21,"3,692.00",790898,25161,34592,238860,282601,150556,55711,107.765,66.823,0.03,0.9
Jun-98,1998 2Q,1998,3.94,"35,854.70","37,072.00","36,534.00","19,802.00",1.9,72.1,"3,692.00",790898,25161,34592,238860,282601,150556,55711,101.158,66.66,0.03,0.9
Jul-98,1998 3Q,1998,4.04,"35,884.40","37,072.00","36,534.00","19,480.90",1.9,72.2,"3,692.00",790898,25161,34592,238860,282601,150556,55711,100.683,68.289,0.03,0.9
Aug-98,1998 3Q,1998,4.76,"35,884.40","37,072.00","36,534.00","19,480.90",1.9,72.24,"3,692.00",790898,25161,34592,238860,282601,150556,55711,99.456,66.607,0.03,0.9
Sep-98,1998 3Q,1998,4.88,"35,884.40","37,072.00","36,534.00","19,480.90",1.9,72.25,"3,692.00",790898,25161,34592,238860,282601,150556,55711,97.666,66.176,0.03,0.9
Oct-98,1998 4Q,1998,3.95,"35,739.40","37,072.00","36,534.00","18,860.50",1.9,72.19,"3,692.00",790898,25161,34592,238860,282601,150556,55711,91.662,65.886,0.03,0.9
Nov-98,1998 4Q,1998,4.16,"35,739.40","37,072.00","36,534.00","18,860.50",1.9,72.44,"3,692.00",790898,25161,34592,238860,282601,150556,55711,90.974,65.276,0.03,0.9
Dec-98,1998 4Q,1998,3.8,"35,739.40","37,072.00","36,534.00","18,860.50",1.9,72.29,"3,692.00",790898,25161,34592,238860,282601,150556,55711,88.645,65.29,0.03,0.9
Jan-99,1999 1Q,1999,3.54,"33,909.90","37,363.00","36,945.00","18,382.80",2.7,72.6,"3,500.00",823760,24920,34180,237433,296109,167365,60403,89.733,62.925,0.03,0.9
Feb-99,1999 1Q,1999,3.66,"33,909.90","37,363.00","36,945.00","18,382.80",2.7,72.73,"3,500.00",823760,24920,34180,237433,296109,167365,60403,89.291,62.471,0.03,0.9
Mar-99,1999 1Q,1999,3.43,"33,909.90","37,363.00","36,945.00","18,382.80",2.7,72.43,"3,500.00",823760,24920,34180,237433,296109,167365,60403,86.358,62.106,0.03,0.9
Apr-99,1999 2Q,1999,3.03,"36,198.80","37,363.00","36,945.00","18,778.70",2.7,72.72,"3,500.00",823760,24920,34180,237433,296109,167365,60403,87.254,61.57,0.03,0.9
May-99,1999 2Q,1999,3.66,"36,198.80","37,363.00","36,945.00","18,778.70",2.7,72.8,"3,500.00",823760,24920,34180,237433,296109,167365,60403,86.424,61.006,0.03,0.9
Jun-99,1999 2Q,1999,3.79,"36,198.80","37,363.00","36,945.00","18,778.70",2.7,72.63,"3,500.00",823760,24920,34180,237433,296109,167365,60403,86.705,60.314,0.03,0.9
Jul-99,1999 3Q,1999,4.14,"37,466.30","37,363.00","36,945.00","18,936.20",2.7,72.93,"3,500.00",823760,24920,34180,237433,296109,167365,60403,86.898,59.354,0.03,0.9
Aug-99,1999 3Q,1999,3.93,"37,466.30","37,363.00","36,945.00","18,936.20",2.7,72.86,"3,500.00",823760,24920,34180,237433,296109,167365,60403,86.823,59.25,0.03,0.9
Sep-99,1999 3Q,1999,3.54,"37,466.30","37,363.00","36,945.00","18,936.20",2.7,72.77,"3,500.00",823760,24920,34180,237433,296109,167365,60403,86.888,59.265,0.03,0.9
Oct-99,1999 4Q,1999,3.77,"38,677.50","37,363.00","36,945.00","19,595.70",2.7,72.69,"3,500.00",823760,24920,34180,237433,296109,167365,60403,86.273,59.168,0.03,0.9
Nov-99,1999 4Q,1999,3.67,"38,677.50","37,363.00","36,945.00","19,595.70",2.7,72.81,"3,500.00",823760,24920,34180,237433,296109,167365,60403,85.734,59.108,0.03,0.9
Dec-99,1999 4Q,1999,3.7,"38,677.50","37,363.00","36,945.00","19,595.70",2.7,72.87,"3,500.00",823760,24920,34180,237433,296109,167365,60403,84.742,57.814,0.03,0.9
Jan-00,2000 1Q,2000,3.96,"38,264.80","40,870.00","41,121.00","20,523.90",3.4,73.29,"4,000.00",846649,23623,33741,234997,306001,181498,63439,84.777,59.826,0.03,0.9
Feb-00,2000 1Q,2000,3.75,"38,264.80","40,870.00","41,121.00","20,523.90",3.4,73.65,"4,000.00",846649,23623,33741,234997,306001,181498,63439,84.133,59.749,0.03,0.9
Mar-00,2000 1Q,2000,3.73,"38,264.80","40,870.00","41,121.00","20,523.90",3.4,73.36,"4,000.00",846649,23623,33741,234997,306001,181498,63439,84.518,59.572,0.03,0.9
Apr-00,2000 2Q,2000,3.72,"40,050.20","40,870.00","41,121.00","20,540.60",3.4,73.39,"4,000.00",846649,23623,33741,234997,306001,181498,63439,85.348,59.167,0.03,0.9
May-00,2000 2Q,2000,3.83,"40,050.20","40,870.00","41,121.00","20,540.60",3.4,73.28,"4,000.00",846649,23623,33741,234997,306001,181498,63439,83.615,59.717,0.03,0.9
Jun-00,2000 2Q,2000,3.86,"40,050.20","40,870.00","41,121.00","20,540.60",3.4,73.36,"4,000.00",846649,23623,33741,234997,306001,181498,63439,83.866,59.393,0.03,0.9
Jul-00,2000 3Q,2000,3.88,"42,949.80","40,870.00","41,121.00","21,299.60",3.4,73.76,"4,000.00",846649,23623,33741,234997,306001,181498,63439,83.765,59.731,0.03,0.9
Aug-00,2000 3Q,2000,3.84,"42,949.80","40,870.00","41,121.00","21,299.60",3.4,74.22,"4,000.00",846649,23623,33741,234997,306001,181498,63439,85.618,59.603,0.03,0.9
Sep-00,2000 3Q,2000,3.72,"42,949.80","40,870.00","41,121.00","21,299.60",3.4,74.15,"4,000.00",846649,23623,33741,234997,306001,181498,63439,85.442,59.203,0.03,0.9
Oct-00,2000 4Q,2000,3.7,"44,367.60","40,870.00","41,121.00","22,180.60",3.4,74.19,"4,000.00",846649,23623,33741,234997,306001,181498,63439,85.848,59.473,0.03,0.9
Nov-00,2000 4Q,2000,3.5,"44,367.60","40,870.00","41,121.00","22,180.60",3.4,74.53,"4,000.00",846649,23623,33741,234997,306001,181498,63439,87.443,58.905,0.03,0.9
Dec-00,2000 4Q,2000,3.44,"44,367.60","40,870.00","41,121.00","22,180.60",3.4,74.65,"4,000.00",846649,23623,33741,234997,306001,181498,63439,87.937,59.157,0.03,0.9
Jan-01,2001 1Q,2001,3.16,"41,459.40","38,620.00","38,880.00","22,656.20",2.2,75.12,"4,363.00",863552,21812,31514,233153,314610,194032,64487,87.31,58.161,0.03,0.9
Feb-01,2001 1Q,2001,3.01,"41,459.40","38,620.00","38,880.00","22,656.20",2.2,74.98,"4,363.00",863552,21812,31514,233153,314610,194032,64487,86.9,57.838,0.03,0.9
Mar-01,2001 1Q,2001,3.11,"41,459.40","38,620.00","38,880.00","22,656.20",2.2,75.03,"4,363.00",863552,21812,31514,233153,314610,194032,64487,87.374,60.466,0.03,0.9
Apr-01,2001 2Q,2001,3.04,"40,180.20","38,620.00","38,880.00","21,534.30",2.2,75.29,"4,363.00",863552,21812,31514,233153,314610,194032,64487,88.104,57.859,0.03,0.9
May-01,2001 2Q,2001,2.96,"40,180.20","38,620.00","38,880.00","21,534.30",2.2,74.96,"4,363.00",863552,21812,31514,233153,314610,194032,64487,88.476,56.537,0.03,0.9
Jun-01,2001 2Q,2001,2.97,"40,180.20","38,620.00","38,880.00","21,534.30",2.2,74.75,"4,363.00",863552,21812,31514,233153,314610,194032,64487,87.88,57.247,0.03,0.9
Jul-01,2001 3Q,2001,2.92,"39,432.80","38,620.00","38,880.00","21,842.00",2.2,75.14,"4,363.00",863552,21812,31514,233153,314610,194032,64487,88.841,56.709,0.03,0.9
Aug-01,2001 3Q,2001,2.88,"39,432.80","38,620.00","38,880.00","21,842.00",2.2,75.06,"4,363.00",863552,21812,31514,233153,314610,194032,64487,86.415,56.214,0.03,0.9
Sep-01,2001 3Q,2001,2.9,"39,432.80","38,620.00","38,880.00","21,842.00",2.2,74.94,"4,363.00",863552,21812,31514,233153,314610,194032,64487,85.704,56.655,0.03,0.9
Oct-01,2001 4Q,2001,2.35,"39,813.20","38,620.00","38,880.00","21,817.80",2.2,74.82,"4,363.00",863552,21812,31514,233153,314610,194032,64487,84.651,57.123,0.03,0.9
Nov-01,2001 4Q,2001,2.98,"39,813.20","38,620.00","38,880.00","21,817.80",2.2,74.79,"4,363.00",863552,21812,31514,233153,314610,194032,64487,87.359,57.154,0.03,0.9
Dec-01,2001 4Q,2001,3.42,"39,813.20","38,620.00","38,880.00","21,817.80",2.2,74.7,"4,363.00",863552,21812,31514,233153,314610,194032,64487,86.006,57.21,0.03,0.9
Jan-02,2002 1Q,2002,3.36,"40,549.30","38,890.00","39,679.00","21,464.90",3.4,74.55,"4,096.00",866071,20522,30568,229505,318478,199298,64899,83.478,57.418,0.03,0.9
Feb-02,2002 1Q,2002,3.11,"40,549.30","38,890.00","39,679.00","21,464.90",3.4,74.8,"4,096.00",866071,20522,30568,229505,318478,199298,64899,84.648,57.829,0.03,0.9
Mar-02,2002 1Q,2002,3.2,"40,549.30","38,890.00","39,679.00","21,464.90",3.4,74.67,"4,096.00",866071,20522,30568,229505,318478,199298,64899,82.898,57.951,0.03,0.9
Apr-02,2002 2Q,2002,2.97,"41,324.70","38,890.00","39,679.00","21,883.80",3.4,74.72,"4,096.00",866071,20522,30568,229505,318478,199298,64899,83.941,58.487,0.03,0.9
May-02,2002 2Q,2002,2.95,"41,324.70","38,890.00","39,679.00","21,883.80",3.4,74.94,"4,096.00",866071,20522,30568,229505,318478,199298,64899,84.428,58.39,0.03,0.9
Jun-02,2002 2Q,2002,2.78,"41,324.70","38,890.00","39,679.00","21,883.80",3.4,74.94,"4,096.00",866071,20522,30568,229505,318478,199298,64899,84.593,58.49,0.03,0.9
Jul-02,2002 3Q,2002,2.6,"41,446.20","38,890.00","39,679.00","22,382.20",3.4,75.04,"4,096.00",866071,20522,30568,229505,318478,199298,64899,84.12,58.628,0.03,0.9
Aug-02,2002 3Q,2002,2.46,"41,446.20","38,890.00","39,679.00","22,382.20",3.4,74.97,"4,096.00",866071,20522,30568,229505,318478,199298,64899,84.241,58.305,0.03,0.9
Sep-02,2002 3Q,2002,2.43,"41,446.20","38,890.00","39,679.00","22,382.20",3.4,75.01,"4,096.00",866071,20522,30568,229505,318478,199298,64899,84.688,58.305,0.03,0.9
Oct-02,2002 4Q,2002,2,"42,377.90","38,890.00","39,679.00","22,192.20",3.4,74.98,"4,096.00",866071,20522,30568,229505,318478,199298,64899,84.811,58.714,0.03,0.9
Nov-02,2002 4Q,2002,1.89,"42,377.90","38,890.00","39,679.00","22,192.20",3.4,75.22,"4,096.00",866071,20522,30568,229505,318478,199298,64899,85.339,58.627,0.03,0.9
Dec-02,2002 4Q,2002,1.74,"42,377.90","38,890.00","39,679.00","22,192.20",3.4,75.29,"4,096.00",866071,20522,30568,229505,318478,199298,64899,85.37,59.102,0.03,0.9
Jan-03,2003 1Q,2003,1.58,"42,119.50","40,244.00","41,343.00","22,033.80",3.6,75.55,"4,071.00",874183,20321,29836,228600,323390,204082,65153,85.32,59.521,0.03,0.9
Feb-03,2003 1Q,2003,1.43,"42,119.50","40,244.00","41,343.00","22,033.80",3.6,75.32,"4,071.00",874183,20321,29836,228600,323390,204082,65153,86.62,59.493,0.03,0.9
Mar-03,2003 1Q,2003,1.48,"42,119.50","40,244.00","41,343.00","22,033.80",3.6,75.47,"4,071.00",874183,20321,29836,228600,323390,204082,65153,86.829,59.603,0.03,0.9
Apr-03,2003 2Q,2003,1.48,"40,129.50","40,244.00","41,343.00","22,110.90",3.6,75.83,"4,071.00",874183,20321,29836,228600,323390,204082,65153,87.424,59.816,0.03,0.9
May-03,2003 2Q,2003,1.32,"40,129.50","40,244.00","41,343.00","22,110.90",3.6,75.31,"4,071.00",874183,20321,29836,228600,323390,204082,65153,87.927,60.144,0.03,0.9
Jun-03,2003 2Q,2003,1.41,"40,129.50","40,244.00","41,343.00","22,110.90",3.6,75,"4,071.00",874183,20321,29836,228600,323390,204082,65153,87.95,60.166,0.03,0.9
Jul-03,2003 3Q,2003,2.06,"42,593.90","40,244.00","41,343.00","22,172.20",3.6,75.6,"4,071.00",874183,20321,29836,228600,323390,204082,65153,88.043,61.302,0.03,0.9
Aug-03,2003 3Q,2003,2.58,"42,593.90","40,244.00","41,343.00","22,172.20",3.6,75.72,"4,071.00",874183,20321,29836,228600,323390,204082,65153,89.006,61.318,0.03,0.9
Sep-03,2003 3Q,2003,2.5,"42,593.90","40,244.00","41,343.00","22,172.20",3.6,75.87,"4,071.00",874183,20321,29836,228600,323390,204082,65153,89.099,61.402,0.03,0.9
Oct-03,2003 4Q,2003,3.1,"45,275.00","40,244.00","41,343.00","22,019.10",3.6,75.83,"4,071.00",874183,20321,29836,228600,323390,204082,65153,89.005,61.662,0.03,0.9
Nov-03,2003 4Q,2003,3.11,"45,275.00","40,244.00","41,343.00","22,019.10",3.6,75.95,"4,071.00",874183,20321,29836,228600,323390,204082,65153,88.707,61.602,0.03,0.9
Dec-03,2003 4Q,2003,2.74,"45,275.00","40,244.00","41,343.00","22,019.10",3.6,76.11,"4,071.00",874183,20321,29836,228600,323390,204082,65153,87.416,61.829,0.03,0.9
Jan-04,2004 1Q,2004,2.35,"46,629.90","43,841.00","46,664.00","22,908.30",3.6,76.81,"4,066.00",876985,20142,29351,227125,325794,206614,65158,88.04,62.966,0.03,0.9
Feb-04,2004 1Q,2004,2.25,"46,629.90","43,841.00","46,664.00","22,908.30",3.6,76.88,"4,066.00",876985,20142,29351,227125,325794,206614,65158,89.676,63.041,0.03,0.9
Mar-04,2004 1Q,2004,2.11,"46,629.90","43,841.00","46,664.00","22,908.30",3.6,76.98,"4,066.00",876985,20142,29351,227125,325794,206614,65158,91.382,63.332,0.03,0.9
Apr-04,2004 2Q,2004,2.26,"46,731.10","43,841.00","46,664.00","23,223.10",3.6,77.06,"4,066.00",876985,20142,29351,227125,325794,206614,65158,92.259,64.288,0.03,0.9
May-04,2004 2Q,2004,2.34,"46,731.10","43,841.00","46,664.00","23,223.10",3.6,77.13,"4,066.00",876985,20142,29351,227125,325794,206614,65158,95.052,64.497,0.03,0.9
Jun-04,2004 2Q,2004,2.4,"46,731.10","43,841.00","46,664.00","23,223.10",3.6,76.99,"4,066.00",876985,20142,29351,227125,325794,206614,65158,95.064,64.167,0.03,0.9
Jul-04,2004 3Q,2004,2.27,"49,227.60","43,841.00","46,664.00","23,846.20",3.6,77.12,"4,066.00",876985,20142,29351,227125,325794,206614,65158,94.516,64.162,0.03,0.9
Aug-04,2004 3Q,2004,2.28,"49,227.60","43,841.00","46,664.00","23,846.20",3.6,77.05,"4,066.00",876985,20142,29351,227125,325794,206614,65158,95.864,64.104,0.03,0.9
Sep-04,2004 3Q,2004,2.42,"49,227.60","43,841.00","46,664.00","23,846.20",3.6,77.38,"4,066.00",876985,20142,29351,227125,325794,206614,65158,95.241,63.831,0.03,0.9
Oct-04,2004 4Q,2004,2.31,"51,844.40","43,841.00","46,664.00","24,974.80",3.6,77.37,"4,066.00",876985,20142,29351,227125,325794,206614,65158,95.008,63.923,0.03,0.9
Nov-04,2004 4Q,2004,2.21,"51,844.40","43,841.00","46,664.00","24,974.80",3.6,77.47,"4,066.00",876985,20142,29351,227125,325794,206614,65158,94.829,64.009,0.03,0.9
Dec-04,2004 4Q,2004,2.07,"51,844.40","43,841.00","46,664.00","24,974.80",3.6,77.4,"4,066.00",876985,20142,29351,227125,325794,206614,65158,94.929,64.284,0.03,0.9
Jan-05,2005 1Q,2005,2.26,"50,503.10","47,046.00","49,867.00","25,543.30",3.3,77.59,"4,270.00",877546,20143,29351,223309,329141,207633,65151,94.76,64.776,0.03,0.9
Feb-05,2005 1Q,2005,2.46,"50,503.10","47,046.00","49,867.00","25,543.30",3.3,77.66,"4,270.00",877546,20143,29351,223309,329141,207633,65151,96.863,64.989,0.03,0.9
Mar-05,2005 1Q,2005,2.7,"50,503.10","47,046.00","49,867.00","25,543.30",3.3,77.8,"4,270.00",877546,20143,29351,223309,329141,207633,65151,97.062,65.274,0.03,0.9
Apr-05,2005 2Q,2005,2.45,"51,193.30","47,046.00","49,867.00","25,509.20",3.3,77.8,"4,270.00",877546,20143,29351,223309,329141,207633,65151,99.472,65.381,0.03,0.9
May-05,2005 2Q,2005,2.33,"51,193.30","47,046.00","49,867.00","25,509.20",3.3,77.75,"4,270.00",877546,20143,29351,223309,329141,207633,65151,101.742,65.409,0.03,0.9
Jun-05,2005 2Q,2005,2.25,"51,193.30","47,046.00","49,867.00","25,509.20",3.3,77.57,"4,270.00",877546,20143,29351,223309,329141,207633,65151,102.992,65.033,0.03,0.9
Jul-05,2005 3Q,2005,2.2,"53,712.80","47,046.00","49,867.00","26,502.00",3.3,78,"4,270.00",877546,20143,29351,223309,329141,207633,65151,103.853,64.801,0.03,0.9
Aug-05,2005 3Q,2005,2.39,"53,712.80","47,046.00","49,867.00","26,502.00",3.3,78.24,"4,270.00",877546,20143,29351,223309,329141,207633,65151,104.039,64.71,0.03,0.9
Sep-05,2005 3Q,2005,2.59,"53,712.80","47,046.00","49,867.00","26,502.00",3.3,78.29,"4,270.00",877546,20143,29351,223309,329141,207633,65151,104.277,64.99,0.03,0.9
Oct-05,2005 4Q,2005,2.8,"57,313.80","47,046.00","49,867.00","27,222.50",3.3,78.72,"4,270.00",877546,20143,29351,223309,329141,207633,65151,104.769,65.204,0.03,0.9
Nov-05,2005 4Q,2005,3.08,"57,313.80","47,046.00","49,867.00","27,222.50",3.3,78.89,"4,270.00",877546,20143,29351,223309,329141,207633,65151,105.017,65.228,0.03,0.9
Dec-05,2005 4Q,2005,3.01,"57,313.80","47,046.00","49,867.00","27,222.50",3.3,78.95,"4,270.00",877546,20143,29351,223309,329141,207633,65151,104.595,65.651,0.03,0.9
Jan-06,2006 1Q,2006,3.18,"55,792.40","52,201.00","53,655.00","27,812.80",2.7,79.38,"4,430.00",878820,20145,28715,222474,331486,207944,65148,104.447,64.632,0.03,0.9
Feb-06,2006 1Q,2006,3.29,"55,792.40","52,201.00","53,655.00","27,812.80",2.7,79.23,"4,430.00",878820,20145,28715,222474,331486,207944,65148,104.636,64.31,0.03,0.9
Mar-06,2006 1Q,2006,3.35,"55,792.40","52,201.00","53,655.00","27,812.80",2.7,79.22,"4,430.00",878820,20145,28715,222474,331486,207944,65148,104.541,63.857,0.03,0.9
Apr-06,2006 2Q,2006,3.23,"57,286.50","52,201.00","53,655.00","30,056.40",2.7,79.18,"4,430.00",878820,20145,28715,222474,331486,207944,65148,105.903,63.319,0.03,0.9
May-06,2006 2Q,2006,3.21,"57,286.50","52,201.00","53,655.00","30,056.40",2.7,79.07,"4,430.00",878820,20145,28715,222474,331486,207944,65148,106.353,63.51,0.03,0.9
Jun-06,2006 2Q,2006,3.38,"57,286.50","52,201.00","53,655.00","30,056.40",2.7,78.96,"4,430.00",878820,20145,28715,222474,331486,207944,65148,106.523,64.101,0.03,0.9
Jul-06,2006 3Q,2006,3.3,"59,703.40","52,201.00","53,655.00","28,794.50",2.7,79.35,"4,430.00",878820,20145,28715,222474,331486,207944,65148,106.611,64.816,0.03,0.9
Aug-06,2006 3Q,2006,3.27,"59,703.40","52,201.00","53,655.00","28,794.50",2.7,79.47,"4,430.00",878820,20145,28715,222474,331486,207944,65148,106.56,64.66,0.03,0.9
Sep-06,2006 3Q,2006,3.1,"59,703.40","52,201.00","53,655.00","28,794.50",2.7,79.48,"4,430.00",878820,20145,28715,222474,331486,207944,65148,106.601,64.866,0.03,0.9
Oct-06,2006 4Q,2006,3.11,"63,376.50","52,201.00","53,655.00","29,944.30",2.7,79.78,"4,430.00",878820,20145,28715,222474,331486,207944,65148,106.564,64.413,0.03,0.9
Nov-06,2006 4Q,2006,3.01,"63,376.50","52,201.00","53,655.00","29,944.30",2.7,80.02,"4,430.00",878820,20145,28715,222474,331486,207944,65148,106.473,64.472,0.03,0.9
Dec-06,2006 4Q,2006,3.03,"63,376.50","52,201.00","53,655.00","29,944.30",2.7,80.22,"4,430.00",878820,20145,28715,222474,331486,207944,65148,106.618,64.595,0.03,0.9
Jan-07,2007 1Q,2007,3.07,"63,562.00","57,866.00","59,429.00","30,472.90",2.3,80.29,"4,846.00",883448,20161,28796,222693,335355,208270,65069,106.583,64.719,0.03,0.9
Feb-07,2007 1Q,2007,2.99,"63,562.00","57,866.00","59,429.00","30,472.90",2.3,80.35,"4,846.00",883448,20161,28796,222693,335355,208270,65069,106.43,65.401,0.03,0.9
Mar-07,2007 1Q,2007,2.7,"63,562.00","57,866.00","59,429.00","30,472.90",2.3,80.23,"4,846.00",883448,20161,28796,222693,335355,208270,65069,106.648,65.387,0.03,0.9
Apr-07,2007 2Q,2007,2.47,"66,974.00","57,866.00","59,429.00","32,064.70",2.3,80.13,"4,846.00",883448,20161,28796,222693,335355,208270,65069,106.514,66.439,0.03,0.9
May-07,2007 2Q,2007,2.62,"66,974.00","57,866.00","59,429.00","32,064.70",2.3,80.2,"4,846.00",883448,20161,28796,222693,335355,208270,65069,107.314,68.784,0.03,0.9
Jun-07,2007 2Q,2007,2.58,"66,974.00","57,866.00","59,429.00","32,064.70",2.3,80.21,"4,846.00",883448,20161,28796,222693,335355,208270,65069,107.506,69.357,0.03,0.9
Jul-07,2007 3Q,2007,2.7,"70,005.20","57,866.00","59,429.00","32,222.00",2.3,81.31,"4,846.00",883448,20161,28796,222693,335355,208270,65069,107.46,69.658,0.03,0.9
Aug-07,2007 3Q,2007,2.65,"70,005.20","57,866.00","59,429.00","32,222.00",2.3,81.5,"4,846.00",883448,20161,28796,222693,335355,208270,65069,108.098,71.048,0.03,0.9
Sep-07,2007 3Q,2007,2.53,"70,005.20","57,866.00","59,429.00","32,222.00",2.3,81.67,"4,846.00",883448,20161,28796,222693,335355,208270,65069,109.304,71.307,0.03,0.9
Oct-07,2007 4Q,2007,2.54,"72,156.40","57,866.00","59,429.00","33,059.90",2.3,82.12,"4,846.00",883448,20161,28796,222693,335355,208270,65069,109.174,71.229,0.03,0.9
Nov-07,2007 4Q,2007,2.44,"72,156.40","57,866.00","59,429.00","33,059.90",2.3,82.61,"4,846.00",883448,20161,28796,222693,335355,208270,65069,110.027,71.405,0.03,0.9
Dec-07,2007 4Q,2007,2.33,"72,156.40","57,866.00","59,429.00","33,059.90",2.3,83.72,"4,846.00",883448,20161,28796,222693,335355,208270,65069,110.054,71.735,0.03,0.9
Jan-08,2008 1Q,2008,1.58,"68,713.80","54,524.00","56,607.00","33,501.60",2.2,84.29,"5,492.00",884920,20086,29559,221824,336782,208492,65073,114.49,71.723,0.03,0.9
Feb-08,2008 1Q,2008,1.65,"68,713.80","54,524.00","56,607.00","33,501.60",2.2,84.58,"5,492.00",884920,20086,29559,221824,336782,208492,65073,116.722,72.535,0.03,0.9
Mar-08,2008 1Q,2008,1.64,"68,713.80","54,524.00","56,607.00","33,501.60",2.2,84.73,"5,492.00",884920,20086,29559,221824,336782,208492,65073,137.116,74.312,0.03,0.9
Apr-08,2008 2Q,2008,1.82,"68,444.90","54,524.00","56,607.00","33,715.70",2.2,85.28,"5,492.00",884920,20086,29559,221824,336782,208492,65073,134.612,75.36,0.03,0.9
May-08,2008 2Q,2008,2.62,"68,444.90","54,524.00","56,607.00","33,715.70",2.2,85.38,"5,492.00",884920,20086,29559,221824,336782,208492,65073,134.653,75.254,0.03,0.9
Jun-08,2008 2Q,2008,2.64,"68,444.90","54,524.00","56,607.00","33,715.70",2.2,85.43,"5,492.00",884920,20086,29559,221824,336782,208492,65073,134.674,81.161,0.03,0.9
Jul-08,2008 3Q,2008,2.01,"70,075.90","54,524.00","56,607.00","35,315.10",2.2,85.9,"5,492.00",884920,20086,29559,221824,336782,208492,65073,134.5,84.237,0.03,0.9
Aug-08,2008 3Q,2008,2.19,"70,075.90","54,524.00","56,607.00","35,315.10",2.2,86.23,"5,492.00",884920,20086,29559,221824,336782,208492,65073,135.368,86.29,0.03,0.9
Sep-08,2008 3Q,2008,2.4,"70,075.90","54,524.00","56,607.00","35,315.10",2.2,86.25,"5,492.00",884920,20086,29559,221824,336782,208492,65073,149.39,86.223,0.03,0.9
Oct-08,2008 4Q,2008,2.02,"66,707.00","54,524.00","56,607.00","33,774.60",2.2,87.14,"5,492.00",884920,20086,29559,221824,336782,208492,65073,150.684,85.779,0.03,0.9
Nov-08,2008 4Q,2008,1.53,"66,707.00","54,524.00","56,607.00","33,774.60",2.2,87.18,"5,492.00",884920,20086,29559,221824,336782,208492,65073,152.172,84.827,0.03,0.9
Dec-08,2008 4Q,2008,1.4,"66,707.00","54,524.00","56,607.00","33,774.60",2.2,87.25,"5,492.00",884920,20086,29559,221824,336782,208492,65073,152.507,83.514,0.03,0.9
Jan-09,2009 1Q,2009,1.4,"64,780.70","53,683.00","56,619.00","34,925.60",3.2,86.57,"5,360.00",888143,20041,29680,220696,339782,209764,65076,150.88,82.024,0.03,0.9
Feb-09,2009 1Q,2009,1.08,"64,780.70","53,683.00","56,619.00","34,925.60",3.2,86.21,"5,360.00",888143,20041,29680,220696,339782,209764,65076,149.577,81.686,0.03,0.9
Mar-09,2009 1Q,2009,1.42,"64,780.70","53,683.00","56,619.00","34,925.60",3.2,86.33,"5,360.00",888143,20041,29680,220696,339782,209764,65076,145.123,79.485,0.03,0.9
Apr-09,2009 2Q,2009,1.34,"68,325.90","53,683.00","56,619.00","34,579.90",3.2,85.5,"5,360.00",888143,20041,29680,220696,339782,209764,65076,144.186,75.821,0.03,0.9
May-09,2009 2Q,2009,1.29,"68,325.90","53,683.00","56,619.00","34,579.90",3.2,85.31,"5,360.00",888143,20041,29680,220696,339782,209764,65076,141.119,72.649,0.03,0.9
Jun-09,2009 2Q,2009,1.45,"68,325.90","53,683.00","56,619.00","34,579.90",3.2,85.17,"5,360.00",888143,20041,29680,220696,339782,209764,65076,134.067,73.192,0.03,0.9
Jul-09,2009 3Q,2009,1.32,"72,667.90","53,683.00","56,619.00","34,509.40",3.2,85.45,"5,360.00",888143,20041,29680,220696,339782,209764,65076,135.205,73.379,0.03,0.9
Aug-09,2009 3Q,2009,1.32,"72,667.90","53,683.00","56,619.00","34,509.40",3.2,85.51,"5,360.00",888143,20041,29680,220696,339782,209764,65076,129.459,73.086,0.03,0.9
Sep-09,2009 3Q,2009,1.43,"72,667.90","53,683.00","56,619.00","34,509.40",3.2,85.49,"5,360.00",888143,20041,29680,220696,339782,209764,65076,125.246,74.046,0.03,0.9
Oct-09,2009 4Q,2009,1.33,"76,620.00","53,683.00","56,619.00","35,007.80",3.2,85.93,"5,360.00",888143,20041,29680,220696,339782,209764,65076,114.188,73.403,0.03,0.9
Nov-09,2009 4Q,2009,1.31,"76,620.00","53,683.00","56,619.00","35,007.80",3.2,85.94,"5,360.00",888143,20041,29680,220696,339782,209764,65076,116.527,73.081,0.03,0.9
Dec-09,2009 4Q,2009,1.28,"76,620.00","53,683.00","56,619.00","35,007.80",3.2,85.99,"5,360.00",888143,20041,29680,220696,339782,209764,65076,113.74,72.407,0.03,0.9
Jan-10,2010 1Q,2010,1.26,"77,863.00","63,712.00","64,408.00","36,311.50",2.2,86.1,"5,600.00",898532,21973,30739,222191,344596,210289,65079,112.695,69.174,0.03,0.9
Feb-10,2010 1Q,2010,1.3,"77,863.00","63,712.00","64,408.00","36,311.50",2.2,86.57,"5,600.00",898532,21973,30739,222191,344596,210289,65079,110.04,68.586,0.03,0.9
Mar-10,2010 1Q,2010,1.28,"77,863.00","63,712.00","64,408.00","36,311.50",2.2,86.64,"5,600.00",898532,21973,30739,222191,344596,210289,65079,108.263,70.188,0.03,0.9
Apr-10,2010 2Q,2010,1.08,"81,173.40","63,712.00","64,408.00","37,270.60",2.2,86.83,"5,600.00",898532,21973,30739,222191,344596,210289,65079,107.529,71.272,0.03,0.9
May-10,2010 2Q,2010,0.91,"81,173.40","63,712.00","64,408.00","37,270.60",2.2,86.78,"5,600.00",898532,21973,30739,222191,344596,210289,65079,107.871,74.13,0.03,0.9
Jun-10,2010 2Q,2010,0.76,"81,173.40","63,712.00","64,408.00","37,270.60",2.2,86.66,"5,600.00",898532,21973,30739,222191,344596,210289,65079,108.781,73.709,0.03,0.9
Jul-10,2010 3Q,2010,0.59,"81,849.20","63,712.00","64,408.00","38,551.90",2.2,87.18,"5,600.00",898532,21973,30739,222191,344596,210289,65079,107.139,72.913,0.03,0.9
Aug-10,2010 3Q,2010,0.68,"81,849.20","63,712.00","64,408.00","38,551.90",2.2,87.52,"5,600.00",898532,21973,30739,222191,344596,210289,65079,105.521,71.972,0.03,0.9
Sep-10,2010 3Q,2010,0.88,"81,849.20","63,712.00","64,408.00","38,551.90",2.2,87.5,"5,600.00",898532,21973,30739,222191,344596,210289,65079,101.931,71.948,0.03,0.9
Oct-10,2010 4Q,2010,0.89,"86,094.50","63,712.00","64,408.00","39,537.90",2.2,87.63,"5,600.00",898532,21973,30739,222191,344596,210289,65079,100.623,71.681,0.03,0.9
Nov-10,2010 4Q,2010,1.18,"86,094.50","63,712.00","64,408.00","39,537.90",2.2,87.81,"5,600.00",898532,21973,30739,222191,344596,210289,65079,99.8,71.297,0.03,0.9
Dec-10,2010 4Q,2010,1.4,"86,094.50","63,712.00","64,408.00","39,537.90",2.2,87.8,"5,600.00",898532,21973,30739,222191,344596,210289,65079,100.229,70.832,0.03,0.9
Jan-11,2011 1Q,2011,1.16,"86,497.10","65,454.00","67,783.00","39,787.40",2,87.82,"6,307.00",914102,24207,32319,222024,353690,213096,65076,103.194,74.937,0.03,0.9
Feb-11,2011 1Q,2011,1.15,"86,497.10","65,454.00","67,783.00","39,787.40",2,88.1,"6,307.00",914102,24207,32319,222024,353690,213096,65076,102.023,75.665,0.03,0.9
Mar-11,2011 1Q,2011,1.19,"86,497.10","65,454.00","67,783.00","39,787.40",2,88.21,"6,307.00",914102,24207,32319,222024,353690,213096,65076,102.724,75.743,0.03,0.9
Apr-11,2011 2Q,2011,1.1,"86,275.40","65,454.00","67,783.00","42,197.90",2,88.74,"6,307.00",914102,24207,32319,222024,353690,213096,65076,100.697,77.015,0.03,0.9
May-11,2011 2Q,2011,1.14,"86,275.40","65,454.00","67,783.00","42,197.90",2,88.63,"6,307.00",914102,24207,32319,222024,353690,213096,65076,101.893,79.105,0.03,0.9
Jun-11,2011 2Q,2011,0.99,"86,275.40","65,454.00","67,783.00","42,197.90",2,88.63,"6,307.00",914102,24207,32319,222024,353690,213096,65076,102.063,81.159,0.03,0.9
Jul-11,2011 3Q,2011,0.59,"88,171.10","65,454.00","67,783.00","40,797.20",2,89.05,"6,307.00",914102,24207,32319,222024,353690,213096,65076,101.924,81.481,0.03,0.9
Aug-11,2011 3Q,2011,0.5,"88,171.10","65,454.00","67,783.00","40,797.20",2,89.41,"6,307.00",914102,24207,32319,222024,353690,213096,65076,102.261,82.735,0.03,0.9
Sep-11,2011 3Q,2011,0.53,"88,171.10","65,454.00","67,783.00","40,797.20",2,89.38,"6,307.00",914102,24207,32319,222024,353690,213096,65076,103.609,82.689,0.03,0.9
Oct-11,2011 4Q,2011,0.59,"90,424.30","65,454.00","67,783.00","42,072.90",2,89.65,"6,307.00",914102,24207,32319,222024,353690,213096,65076,106.359,83.666,0.03,0.9
Nov-11,2011 4Q,2011,0.58,"90,424.30","65,454.00","67,783.00","42,072.90",2,89.9,"6,307.00",914102,24207,32319,222024,353690,213096,65076,107.208,83.654,0.03,0.9
Dec-11,2011 4Q,2011,0.6,"90,424.30","65,454.00","67,783.00","42,072.90",2,90.12,"6,307.00",914102,24207,32319,222024,353690,213096,65076,107.983,83.432,0.03,0.9
Jan-12,2012 1Q,2012,0.49,"91,158.70","66,330.00","69,417.00","43,188.70",1.9,90.9,"6,772.00",922493,25186,33744,222257,357566,214710,65077,111.383,83.243,0.03,0.9
Feb-12,2012 1Q,2012,0.62,"91,158.70","66,330.00","69,417.00","43,188.70",1.9,90.71,"6,772.00",922493,25186,33744,222257,357566,214710,65077,109.914,82.721,0.03,0.9
Mar-12,2012 1Q,2012,0.64,"91,158.70","66,330.00","69,417.00","43,188.70",1.9,90.8,"6,772.00",922493,25186,33744,222257,357566,214710,65077,110.386,84.562,0.03,0.9
Apr-12,2012 2Q,2012,0.54,"92,559.50","66,330.00","69,417.00","44,617.20",1.9,91.13,"6,772.00",922493,25186,33744,222257,357566,214710,65077,110.345,84.784,0.03,0.9
May-12,2012 2Q,2012,0.55,"92,559.50","66,330.00","69,417.00","44,617.20",1.9,91.02,"6,772.00",922493,25186,33744,222257,357566,214710,65077,110.021,83.611,0.03,0.9
Jun-12,2012 2Q,2012,0.42,"92,559.50","66,330.00","69,417.00","44,617.20",1.9,90.99,"6,772.00",922493,25186,33744,222257,357566,214710,65077,112.522,83.82,0.03,0.9
Jul-12,2012 3Q,2012,0.43,"90,177.10","66,330.00","69,417.00","45,488.20",1.9,91.2,"6,772.00",922493,25186,33744,222257,357566,214710,65077,111.665,84.515,0.03,0.9
Aug-12,2012 3Q,2012,0.4,"90,177.10","66,330.00","69,417.00","45,488.20",1.9,91.42,"6,772.00",922493,25186,33744,222257,357566,214710,65077,111.284,85.21,0.03,0.9
Sep-12,2012 3Q,2012,0.42,"90,177.10","66,330.00","69,417.00","45,488.20",1.9,91.52,"6,772.00",922493,25186,33744,222257,357566,214710,65077,111.631,85.12,0.03,0.9
Oct-12,2012 4Q,2012,0.38,"94,875.20","66,330.00","69,417.00","46,476.60",1.9,91.65,"6,772.00",922493,25186,33744,222257,357566,214710,65077,111.134,84.759,0.03,0.9
Nov-12,2012 4Q,2012,0.41,"94,875.20","66,330.00","69,417.00","46,476.60",1.9,91.68,"6,772.00",922493,25186,33744,222257,357566,214710,65077,110.775,84.723,0.03,0.9
Dec-12,2012 4Q,2012,0.31,"94,875.20","66,330.00","69,417.00","46,476.60",1.9,91.84,"6,772.00",922493,25186,33744,222257,357566,214710,65077,110.991,84.726,0.03,0.9
Jan-13,2013 1Q,2013,0.4,"93,871.20","67,444.00","71,283.00","46,955.30",2,92.01,"7,030.00",933278,25384,35562,223461,363043,216209,65074,109.587,86.256,0.03,0.9
Feb-13,2013 1Q,2013,0.37,"93,871.20","67,444.00","71,283.00","46,955.30",2,92.41,"7,030.00",933278,25384,35562,223461,363043,216209,65074,110.07,86.856,0.03,0.9
Mar-13,2013 1Q,2013,0.54,"93,871.20","67,444.00","71,283.00","46,955.30",2,92.33,"7,030.00",933278,25384,35562,223461,363043,216209,65074,109.777,87.277,0.03,0.9
Apr-13,2013 2Q,2013,0.47,"95,558.70","67,444.00","71,283.00","47,466.60",2,92.37,"7,030.00",933278,25384,35562,223461,363043,216209,65074,109.399,86.281,0.03,0.9
May-13,2013 2Q,2013,0.96,"95,558.70","67,444.00","71,283.00","47,466.60",2,92.52,"7,030.00",933278,25384,35562,223461,363043,216209,65074,109.739,87.23,0.03,0.9
Jun-13,2013 2Q,2013,1.17,"95,558.70","67,444.00","71,283.00","47,466.60",2,92.54,"7,030.00",933278,25384,35562,223461,363043,216209,65074,110.576,88.937,0.03,0.9
Jul-13,2013 3Q,2013,0.88,"95,966.90","67,444.00","71,283.00","48,278.00",2,92.62,"7,030.00",933278,25384,35562,223461,363043,216209,65074,111.541,90.329,0.03,0.9
Aug-13,2013 3Q,2013,1.08,"95,966.90","67,444.00","71,283.00","48,278.00",2,93.05,"7,030.00",933278,25384,35562,223461,363043,216209,65074,111.435,92.242,0.03,0.9
Sep-13,2013 3Q,2013,0.92,"95,966.90","67,444.00","71,283.00","48,278.00",2,93.08,"7,030.00",933278,25384,35562,223461,363043,216209,65074,111.637,92.486,0.03,0.9
Oct-13,2013 4Q,2013,0.69,"99,473.50","67,444.00","71,283.00","49,348.70",2,93.33,"7,030.00",933278,25384,35562,223461,363043,216209,65074,110.976,92.384,0.03,0.9
Nov-13,2013 4Q,2013,0.63,"99,473.50","67,444.00","71,283.00","49,348.70",2,93.63,"7,030.00",933278,25384,35562,223461,363043,216209,65074,110.584,91.952,0.03,0.9
Dec-13,2013 4Q,2013,1.08,"99,473.50","67,444.00","71,283.00","49,348.70",2,93.72,"7,030.00",933278,25384,35562,223461,363043,216209,65074,111.069,91.906,0.03,0.9
Jan-14,2014 1Q,2014,1.57,"97,186.80","70,400.00","72,938.00","49,931.20",1.9,94.09,"7,320.00",959960,25450,37105,227527,375533,222345,65079,113.749,94.932,0.03,0.9
Feb-14,2014 1Q,2014,1.43,"97,186.80","70,400.00","72,938.00","49,931.20",1.9,94.02,"7,320.00",959960,25450,37105,227527,375533,222345,65079,114.083,95.9,0.03,0.9
Mar-14,2014 1Q,2014,1.54,"97,186.80","70,400.00","72,938.00","49,931.20",1.9,94.22,"7,320.00",959960,25450,37105,227527,375533,222345,65079,115.159,96.624,0.03,0.9
Apr-14,2014 2Q,2014,1.45,"98,324.30","70,400.00","72,938.00","50,775.70",1.9,94.54,"7,320.00",959960,25450,37105,227527,375533,222345,65079,113.259,96.807,0.03,0.9
May-14,2014 2Q,2014,1.3,"98,324.30","70,400.00","72,938.00","50,775.70",1.9,94.6,"7,320.00",959960,25450,37105,227527,375533,222345,65079,113.272,96.413,0.03,0.9
Jun-14,2014 2Q,2014,1.19,"98,324.30","70,400.00","72,938.00","50,775.70",1.9,94.49,"7,320.00",959960,25450,37105,227527,375533,222345,65079,114.75,96.428,0.03,0.9
Jul-14,2014 3Q,2014,1.27,"99,531.60","70,400.00","72,938.00","52,110.70",1.9,94.68,"7,320.00",959960,25450,37105,227527,375533,222345,65079,113.579,96.359,0.03,0.9
Aug-14,2014 3Q,2014,1.3,"99,531.60","70,400.00","72,938.00","52,110.70",1.9,94.87,"7,320.00",959960,25450,37105,227527,375533,222345,65079,111.669,97.983,0.03,0.9
Sep-14,2014 3Q,2014,1.67,"99,531.60","70,400.00","72,938.00","52,110.70",1.9,94.73,"7,320.00",959960,25450,37105,227527,375533,222345,65079,112.917,98.013,0.03,0.9
Oct-14,2014 4Q,2014,1.47,"103,905.20","70,400.00","72,938.00","52,602.80",1.9,94.95,"7,320.00",959960,25450,37105,227527,375533,222345,65079,113.093,98.239,0.03,0.9
Nov-14,2014 4Q,2014,1.44,"103,905.20","70,400.00","72,938.00","52,602.80",1.9,94.96,"7,320.00",959960,25450,37105,227527,375533,222345,65079,114.5,98.605,0.03,0.9
Dec-14,2014 4Q,2014,1.6,"103,905.20","70,400.00","72,938.00","52,602.80",1.9,95.14,"7,320.00",959960,25450,37105,227527,375533,222345,65079,115.749,98.908,0.03,0.9
Jan-15,2015 1Q,2015,1.37,"103,352.20","71,283.00","76,503.00","53,561.60",2,95,"7,733.00",984908,26247,38882,231212,387642,227774,65082,116.738,100.466,0.03,0.9
Feb-15,2015 1Q,2015,1.62,"103,352.20","71,283.00","76,503.00","53,561.60",2,95.28,"7,733.00",984908,26247,38882,231212,387642,227774,65082,118.188,100.897,0.03,0.9
Mar-15,2015 1Q,2015,1.83,"103,352.20","71,283.00","76,503.00","53,561.60",2,95.21,"7,733.00",984908,26247,38882,231212,387642,227774,65082,119.674,101.295,0.03,0.9
Apr-15,2015 2Q,2015,1.59,"104,401.70","71,283.00","76,503.00","53,993.20",2,94.95,"7,733.00",984908,26247,38882,231212,387642,227774,65082,117.341,100.209,0.03,0.9
May-15,2015 2Q,2015,1.7,"104,401.70","71,283.00","76,503.00","53,993.20",2,94.69,"7,733.00",984908,26247,38882,231212,387642,227774,65082,115.213,100.16,0.03,0.9
Jun-15,2015 2Q,2015,2,"104,401.70","71,283.00","76,503.00","53,993.20",2,94.66,"7,733.00",984908,26247,38882,231212,387642,227774,65082,115.931,100.319,0.03,0.9
Jul-15,2015 3Q,2015,2.04,"106,226.00","71,283.00","76,503.00","54,579.50",2,95.03,"7,733.00",984908,26247,38882,231212,387642,227774,65082,116.218,99.958,0.03,0.9
Aug-15,2015 3Q,2015,2.17,"106,226.00","71,283.00","76,503.00","54,579.50",2,95.1,"7,733.00",984908,26247,38882,231212,387642,227774,65082,117.138,100.271,0.03,0.9
Sep-15,2015 3Q,2015,2,"106,226.00","71,283.00","76,503.00","54,579.50",2,95.28,"7,733.00",984908,26247,38882,231212,387642,227774,65082,117.072,100.599,0.03,0.9
Oct-15,2015 4Q,2015,1.86,"109,464.20","71,283.00","76,503.00","54,998.00",2,95.2,"7,733.00",984908,26247,38882,231212,387642,227774,65082,117.589,98.686,0.03,0.9
Nov-15,2015 4Q,2015,1.95,"109,464.20","71,283.00","76,503.00","54,998.00",2,95.12,"7,733.00",984908,26247,38882,231212,387642,227774,65082,116.679,99.499,0.03,0.9
Dec-15,2015 4Q,2015,1.9,"109,464.20","71,283.00","76,503.00","54,998.00",2,95.38,"7,733.00",984908,26247,38882,231212,387642,227774,65082,117.755,99.665,0.03,0.9
Jan-16,2016 1Q,2016,1.89,"106,340.60","73,805.00","78,604.00","55,696.70",2.1,95.36,"7,748.00",1010613,27817,41594,235217,398927,233608,65086,113.087,99.276,0.03,0.9
Feb-16,2016 1Q,2016,1.85,"106,340.60","73,805.00","78,604.00","55,696.70",2.1,95.73,"7,748.00",1010613,27817,41594,235217,398927,233608,65086,111.131,98.7,0.03,0.9
Mar-16,2016 1Q,2016,1.45,"106,340.60","73,805.00","78,604.00","55,696.70",2.1,95.73,"7,748.00",1010613,27817,41594,235217,398927,233608,65086,109.847,98.931,0.03,0.9
Apr-16,2016 2Q,2016,1.61,"107,499.20","73,805.00","78,604.00","56,178.80",2.1,95.73,"7,748.00",1010613,27817,41594,235217,398927,233608,65086,103.487,98.948,0.03,0.9
May-16,2016 2Q,2016,1.79,"107,499.20","73,805.00","78,604.00","56,178.80",2.1,95.66,"7,748.00",1010613,27817,41594,235217,398927,233608,65086,100.768,99.582,0.03,0.9
Jun-16,2016 2Q,2016,1.51,"107,499.20","73,805.00","78,604.00","56,178.80",2.1,95.69,"7,748.00",1010613,27817,41594,235217,398927,233608,65086,100.075,100.464,0.03,0.9
Jul-16,2016 3Q,2016,1.43,"109,922.30","73,805.00","78,604.00","56,890.80",2.1,95.97,"7,748.00",1010613,27817,41594,235217,398927,233608,65086,99.802,99.711,0.03,0.9
Aug-16,2016 3Q,2016,1.32,"109,922.30","73,805.00","78,604.00","56,890.80",2.1,96.06,"7,748.00",1010613,27817,41594,235217,398927,233608,65086,99.647,99.664,0.03,0.9
Sep-16,2016 3Q,2016,1.32,"109,922.30","73,805.00","78,604.00","56,890.80",2.1,96.15,"7,748.00",1010613,27817,41594,235217,398927,233608,65086,100.259,99.854,0.03,0.9
Oct-16,2016 4Q,2016,1.34,"116,992.60","73,805.00","78,604.00","57,015.40",2.1,96.24,"7,748.00",1010613,27817,41594,235217,398927,233608,65086,101.069,100.095,0.03,0.9
Nov-16,2016 4Q,2016,1.7,"116,992.60","73,805.00","78,604.00","57,015.40",2.1,96.31,"7,748.00",1010613,27817,41594,235217,398927,233608,65086,100.444,100.42,0.03,0.9
Dec-16,2016 4Q,2016,1.85,"116,992.60","73,805.00","78,604.00","57,015.40",2.1,96.56,"7,748.00",1010613,27817,41594,235217,398927,233608,65086,100.863,101.067,0.03,0.9
Jan-17,2017 1Q,2017,1.73,"115,687.70","78,587.00","84,463.00","57,435.30",2.2,96.76,"7,850.00",1043968,30098,48261,239674,412394,239460,65090,99.251,101.011,0.03,0.9
Feb-17,2017 1Q,2017,1.59,"115,687.70","78,587.00","84,463.00","57,435.30",2.2,96.84,"7,850.00",1043968,30098,48261,239674,412394,239460,65090,99.095,100.736,0.03,0.9
Mar-17,2017 1Q,2017,1.76,"115,687.70","78,587.00","84,463.00","57,435.30",2.2,96.88,"7,850.00",1043968,30098,48261,239674,412394,239460,65090,96.393,100.95,0.03,0.9
Apr-17,2017 2Q,2017,1.59,"114,416.00","78,587.00","84,463.00","57,883.00",2.2,97.33,"7,850.00",1043968,30098,48261,239674,412394,239460,65090,96.782,100.887,0.03,0.9
May-17,2017 2Q,2017,1.56,"114,416.00","78,587.00","84,463.00","57,883.00",2.2,97.18,"7,850.00",1043968,30098,48261,239674,412394,239460,65090,97.062,100.354,0.03,0.9
Jun-17,2017 2Q,2017,1.51,"114,416.00","78,587.00","84,463.00","57,883.00",2.2,97.17,"7,850.00",1043968,30098,48261,239674,412394,239460,65090,96.521,100.217,0.03,0.9
Jul-17,2017 3Q,2017,1.54,"117,361.60","78,587.00","84,463.00","58,362.20",2.2,97.48,"7,850.00",1043968,30098,48261,239674,412394,239460,65090,96.054,100.124,0.03,0.9
Aug-17,2017 3Q,2017,1.56,"117,361.60","78,587.00","84,463.00","58,362.20",2.2,97.44,"7,850.00",1043968,30098,48261,239674,412394,239460,65090,94.942,99.957,0.03,0.9
Sep-17,2017 3Q,2017,1.65,"117,361.60","78,587.00","84,463.00","58,362.20",2.2,97.56,"7,850.00",1043968,30098,48261,239674,412394,239460,65090,94.706,100.072,0.03,0.9
Oct-17,2017 4Q,2017,1.66,"126,568.80","78,587.00","84,463.00","59,391.90",2.2,97.71,"7,850.00",1043968,30098,48261,239674,412394,239460,65090,95.808,100.276,0.03,0.9
Nov-17,2017 4Q,2017,1.72,"126,568.80","78,587.00","84,463.00","59,391.90",2.2,97.74,"7,850.00",1043968,30098,48261,239674,412394,239460,65090,96.204,100.227,0.03,0.9
Dec-17,2017 4Q,2017,1.68,"126,568.80","78,587.00","84,463.00","59,391.90",2.2,97.84,"7,850.00",1043968,30098,48261,239674,412394,239460,65090,96.199,100.013,0.03,0.9
Jan-18,2018 1Q,2018,1.88,"121,470.30","79,098.00","90,152.00","59,954.40",2.1,98.11,"7,955.00",1061236,30699,53257,242456,419203,241572,65100,90.601,98.432,0.03,0.9
Feb-18,2018 1Q,2018,2.02,"121,470.30","79,098.00","90,152.00","59,954.40",2.1,98.51,"7,955.00",1061236,30699,53257,242456,419203,241572,65100,95.24,98.416,0.03,0.9
Mar-18,2018 1Q,2018,2.05,"121,470.30","79,098.00","90,152.00","59,954.40",2.1,98.36,"7,955.00",1061236,30699,53257,242456,419203,241572,65100,98.19,98.38,0.04,0.9
Apr-18,2018 2Q,2018,2.18,"124,067.90","79,098.00","90,152.00","60,404.70",2.1,98.61,"7,955.00",1061236,30699,53257,242456,419203,241572,65100,98.197,98.381,0.04,0.9
May-18,2018 2Q,2018,2.3,"124,067.90","79,098.00","90,152.00","60,404.70",2.1,98.63,"7,955.00",1061236,30699,53257,242456,419203,241572,65100,102.921,98.55,0.04,0.9
Jun-18,2018 2Q,2018,2.28,"124,067.90","79,098.00","90,152.00","60,404.70",2.1,98.81,"7,955.00",1061236,30699,53257,242456,419203,241572,65100,100.47,100.509,0.04,0.9
Jul-18,2018 3Q,2018,2.19,"128,932.10","79,098.00","90,152.00","61,274.00",2.1,99.31,"7,955.00",1061236,30699,53257,242456,419203,241572,65100,102.907,100.924,0.04,0.9
Aug-18,2018 3Q,2018,2.1,"128,932.10","79,098.00","90,152.00","61,274.00",2.1,99.31,"7,955.00",1061236,30699,53257,242456,419203,241572,65100,104.356,101.25,0.04,0.9
Sep-18,2018 3Q,2018,2.24,"128,932.10","79,098.00","90,152.00","61,274.00",2.1,99.35,"7,955.00",1061236,30699,53257,242456,419203,241572,65100,104.228,101.27,0.04,0.9
Oct-18,2018 4Q,2018,2.3,"133,867.10","79,098.00","90,152.00","62,745.90",2.1,99.53,"7,955.00",1061236,30699,53257,242456,419203,241572,65100,101.371,101.328,0.04,0.9
Nov-18,2018 4Q,2018,2.12,"133,867.10","79,098.00","90,152.00","62,745.90",2.1,99.39,"7,955.00",1061236,30699,53257,242456,419203,241572,65100,101.12,101.3,0.04,0.9
Dec-18,2018 4Q,2018,1.9,"133,867.10","79,098.00","90,152.00","62,745.90",2.1,99.68,"7,955.00",1061236,30699,53257,242456,419203,241572,65100,100.399,101.26,0.04,0.9
Jan-19,2019 1Q,2019,2,"126,656.40","79,825.00","90,130.00","63,234.70",2.3,99.96,"7,981.00",1071126,30779,56430,243299,423280,243180,65106,99.404,102.695,0.04,0.9
Feb-19,2019 1Q,2019,2.06,"126,656.40","79,825.00","90,130.00","63,234.70",2.3,100.21,"7,981.00",1071126,30779,56430,243299,423280,243180,65106,99.215,102.673,0.04,0.9
Mar-19,2019 1Q,2019,1.93,"126,656.40","79,825.00","90,130.00","63,234.70",2.3,100.03,"7,981.00",1071126,30779,56430,243299,423280,243180,65106,104.856,102.675,0.04,0.9
Apr-19,2019 2Q,2019,1.98,"126,601.10","79,825.00","90,130.00","63,459.10",2.3,100.03,"7,981.00",1071126,30779,56430,243299,423280,243180,65106,100.911,102.692,0.04,0.9
May-19,2019 2Q,2019,1.92,"126,601.10","79,825.00","90,130.00","63,459.10",2.3,99.88,"7,981.00",1071126,30779,56430,243299,423280,243180,65106,110.111,102.811,0.04,0.9
Jun-19,2019 2Q,2019,1.77,"126,601.10","79,825.00","90,130.00","63,459.10",2.3,99.9,"7,981.00",1071126,30779,56430,243299,423280,243180,65106,112.543,102.748,0.04,0.9
Jul-19,2019 3Q,2019,1.77,"129,287.40","79,825.00","90,130.00","64,569.90",2.3,99.88,"7,981.00",1071126,30779,56430,243299,423280,243180,65106,107.027,102.729,0.04,0.9
Aug-19,2019 3Q,2019,1.68,"129,287.40","79,825.00","90,130.00","64,569.90",2.3,99.96,"7,981.00",1071126,30779,56430,243299,423280,243180,65106,108.613,102.927,0.04,0.9
Sep-19,2019 3Q,2019,1.66,"129,287.40","79,825.00","90,130.00","64,569.90",2.3,99.94,"7,981.00",1071126,30779,56430,243299,423280,243180,65106,108.381,103.925,0.04,0.9
Oct-19,2019 4Q,2019,1.64,"131,521.10","79,825.00","90,130.00","63,995.20",2.3,100.01,"7,981.00",1071126,30779,56430,243299,423280,243180,65106,110.372,103.85,0.04,0.9
Nov-19,2019 4Q,2019,1.62,"131,521.10","79,825.00","90,130.00","63,995.20",2.3,99.95,"7,981.00",1071126,30779,56430,243299,423280,243180,65106,110.256,103.768,0.04,0.9
Dec-19,2019 4Q,2019,1.56,"131,521.10","79,825.00","90,130.00","63,995.20",2.3,100.25,"7,981.00",1071126,30779,56430,243299,423280,243180,65106,109.967,103.732,0.04,0.9
Jan-20,2020 1Q,2020,1.44,"126,092.20","73,081.00","84,542.00","63,895.50",2.9,100.28,"7,744.00",1079630,30918,59157,244549,426401,244595,65108,113.1,103.677,0.04,0.9
Feb-20,2020 1Q,2020,1.28,"126,092.20","73,081.00","84,542.00","63,895.50",2.9,100.14,"7,744.00",1079630,30918,59157,244549,426401,244595,65108,117.384,104.005,0.04,0.9
Mar-20,2020 1Q,2020,0.99,"126,092.20","73,081.00","84,542.00","63,895.50",2.9,99.87,"7,744.00",1079630,30918,59157,244549,426401,244595,65108,117.521,104.228,0.04,0.9
Apr-20,2020 2Q,2020,0.54,"107,992.40","73,081.00","84,542.00","66,178.60",2.9,99.77,"7,744.00",1079630,30918,59157,244549,426401,244595,65108,117.385,104.294,0.04,0.9
May-20,2020 2Q,2020,0.44,"107,992.40","73,081.00","84,542.00","66,178.60",2.9,99.7,"7,744.00",1079630,30918,59157,244549,426401,244595,65108,116.871,104.754,0.04,0.9
Jun-20,2020 2Q,2020,0.54,"107,992.40","73,081.00","84,542.00","66,178.60",2.9,99.72,"7,744.00",1079630,30918,59157,244549,426401,244595,65108,114.983,109.771,0.04,0.9
Jul-20,2020 3Q,2020,0.5,"119,305.70","73,081.00","84,542.00","63,472.70",2.9,99.51,"7,744.00",1079630,30918,59157,244549,426401,244595,65108,114.525,109.715,0.04,0.9
Aug-20,2020 3Q,2020,0.54,"119,305.70","73,081.00","84,542.00","63,472.70",2.9,99.65,"7,744.00",1079630,30918,59157,244549,426401,244595,65108,113.055,109.534,0.04,0.9
Sep-20,2020 3Q,2020,0.45,"119,305.70","73,081.00","84,542.00","63,472.70",2.9,99.82,"7,744.00",1079630,30918,59157,244549,426401,244595,65108,109.909,109.492,0.04,0.9
Oct-20,2020 4Q,2020,0.5,"127,300.90","73,081.00","84,542.00","63,768.40",2.9,99.84,"7,744.00",1079630,30918,59157,244549,426401,244595,65108,107.104,109.434,0.04,0.9
Nov-20,2020 4Q,2020,0.5,"127,300.90","73,081.00","84,542.00","63,768.40",2.9,99.87,"7,744.00",1079630,30918,59157,244549,426401,244595,65108,111.317,112.902,0.04,0.9
Dec-20,2020 4Q,2020,0.46,"127,300.90","73,081.00","84,542.00","63,768.40",2.9,99.98,"7,744.00",1079630,30918,59157,244549,426401,244595,65108,111.371,114.736,0.04,0.9
Jan-21,2021 1Q,2021,0.51,"134,386.70","87,308.00","104,402.00","64,703.70",2.7,100.12,"8,220.00",1092898,30944,61692,247053,432107,247241,65115,110.728,114.661,0.04,0.9
Feb-21,2021 1Q,2021,0.69,"134,386.70","87,308.00","104,402.00","64,703.70",2.7,100.32,"8,220.00",1092898,30944,61692,247053,432107,247241,65115,111.324,115.108,0.04,0.9
Mar-21,2021 1Q,2021,0.93,"134,386.70","87,308.00","104,402.00","64,703.70",2.7,100.36,"8,220.00",1092898,30944,61692,247053,432107,247241,65115,112.839,118.692,0.04,0.9
Apr-21,2021 2Q,2021,0.77,"139,936.50","87,308.00","104,402.00","66,844.00",2.7,100.37,"8,220.00",1092898,30944,61692,247053,432107,247241,65115,112.276,118.167,0.04,0.9
May-21,2021 2Q,2021,0.86,"139,936.50","87,308.00","104,402.00","66,844.00",2.7,100.51,"8,220.00",1092898,30944,61692,247053,432107,247241,65115,110.65,118.117,0.04,0.9
Jun-21,2021 2Q,2021,0.91,"139,936.50","87,308.00","104,402.00","66,844.00",2.7,100.31,"8,220.00",1092898,30944,61692,247053,432107,247241,65115,115.043,118.15,0.04,0.9
Jul-21,2021 3Q,2021,0.75,"143,735.20","87,308.00","104,402.00","67,540.20",2.7,100.54,"8,220.00",1092898,30944,61692,247053,432107,247241,65115,128.056,118.41,0.04,0.9
Aug-21,2021 3Q,2021,0.79,"143,735.20","87,308.00","104,402.00","67,540.20",2.7,100.78,"8,220.00",1092898,30944,61692,247053,432107,247241,65115,120.698,118.421,0.04,0.9
Sep-21,2021 3Q,2021,0.94,"143,735.20","87,308.00","104,402.00","67,540.20",2.7,101.01,"8,220.00",1092898,30944,61692,247053,432107,247241,65115,128.122,118.327,0.04,0.9
Oct-21,2021 4Q,2021,1.46,"151,305.80","87,308.00","104,402.00","68,925.40",2.7,101.3,"8,220.00",1092898,30944,61692,247053,432107,247241,65115,122.234,120.488,0.04,0.9
Nov-21,2021 4Q,2021,1.28,"151,305.80","87,308.00","104,402.00","68,925.40",2.7,101.52,"8,220.00",1092898,30944,61692,247053,432107,247241,65115,129.162,120.346,0.04,0.9
Dec-21,2021 4Q,2021,1.36,"151,305.80","87,308.00","104,402.00","68,925.40",2.7,102.08,"8,220.00",1092898,30944,61692,247053,432107,247241,65115,133.707,123.023,0.04,0.85
Jan-22,2022 1Q,2022,1.57,"156,940.30","95,787.00","114,165.00","71,001.70",2.1,102.52,"8,615.00",1110294,31318,67104,247819,439934,250421,65116,128.321,122.854,0.04,0.85
Feb-22,2022 1Q,2022,1.69,"156,940.30","95,787.00","114,165.00","71,001.70",2.1,102.52,"8,615.00",1110294,31318,67104,247819,439934,250421,65116,129.594,126.804,0.04,0.85
Mar-22,2022 1Q,2022,2.29,"156,940.30","95,787.00","114,165.00","71,001.70",2.1,103.24,"8,615.00",1110294,31318,67104,247819,439934,250421,65116,126.5,136.266,0.04,0.85
Apr-22,2022 2Q,2022,2.4,"164,263.50","95,787.00","114,165.00","71,787.80",2.1,103.7,"8,615.00",1110294,31318,67104,247819,439934,250421,65116,141.209,139.058,0.04,0.85
May-22,2022 2Q,2022,2.5,"164,263.50","95,787.00","114,165.00","71,787.80",2.1,104.09,"8,615.00",1110294,31318,67104,247819,439934,250421,65116,158.454,139.295,0.04,0.85
Jun-22,2022 2Q,2022,2.8,"164,263.50","95,787.00","114,165.00","71,787.80",2.1,104.76,"8,615.00",1110294,31318,67104,247819,439934,250421,65116,155.481,139.329,0.04,0.85
Jul-22,2022 3Q,2022,2.57,"161,621.50","95,787.00","114,165.00","74,542.60",2.1,105.37,"8,615.00",1110294,31318,67104,247819,439934,250421,65116,157.318,139.496,0.04,0.85
Aug-22,2022 3Q,2022,2.91,"161,621.50","95,787.00","114,165.00","74,542.60",2.1,105.89,"8,615.00",1110294,31318,67104,247819,439934,250421,65116,162.053,139.338,0.04,0.85
Sep-22,2022 3Q,2022,3.54,"161,621.50","95,787.00","114,165.00","74,542.60",2.1,106.39,"8,615.00",1110294,31318,67104,247819,439934,250421,65116,171.724,139.151,0.04,0.85
Oct-22,2022 4Q,2022,3.28,"160,720.50","95,787.00","114,165.00","76,600.80",2.1,106.5,"8,615.00",1110294,31318,67104,247819,439934,250421,65116,174.744,134.063,0.04,0.85
Nov-22,2022 4Q,2022,2.94,"160,720.50","95,787.00","114,165.00","76,600.80",2.1,106.72,"8,615.00",1110294,31318,67104,247819,439934,250421,65116,170.473,133.514,0.04,0.8
Dec-22,2022 4Q,2022,2.83,"160,720.50","95,787.00","114,165.00","76,600.80",2.1,107.32,"8,615.00",1110294,31318,67104,247819,439934,250421,65116,168.25,130.976,0.04,0.8
Jan-23,2023 1Q,2023,2.85,"159,541.20",#N/A,#N/A,"77,440.90",1.9,108.2,"9,028.98",#N/A,#N/A,#N/A,#N/A,#N/A,#N/A,#N/A,155.938,134.389,0.04,0.8
Feb-23,2023 1Q,2023,3.37,"159,541.20",#N/A,#N/A,"77,440.90",1.9,108.17,"9,028.98",#N/A,#N/A,#N/A,#N/A,#N/A,#N/A,#N/A,164.167,134.473,0.04,0.8
Mar-23,2023 1Q,2023,2.94,"159,541.20",#N/A,#N/A,"77,440.90",1.9,108.44,"9,028.98",#N/A,#N/A,#N/A,#N/A,#N/A,#N/A,#N/A,154.178,134.634,0.06,0.8
Apr-23,2023 2Q,2023,2.82,"163,156.50",#N/A,#N/A,"79,248.60",1.9,108.86,"9,028.98",#N/A,#N/A,#N/A,#N/A,#N/A,#N/A,#N/A,134.899,134.489,0.06,0.8
May-23,2023 2Q,2023,2.89,"163,156.50",#N/A,#N/A,"79,248.60",1.9,108.96,"9,028.98",#N/A,#N/A,#N/A,#N/A,#N/A,#N/A,#N/A,130.624,134.611,0.06,0.8
Jun-23,2023 2Q,2023,3.12,"163,156.50",#N/A,#N/A,"79,248.60",1.9,109.16,"9,028.98",#N/A,#N/A,#N/A,#N/A,#N/A,#N/A,#N/A,129.174,134.399,0.06,0.8
Jul-23,2023 3Q,2023,2.98,"164,868.10",#N/A,#N/A,"80,545.10",1.9,109.38,"9,028.98",#N/A,#N/A,#N/A,#N/A,#N/A,#N/A,#N/A,127.829,134.211,0.06,0.8
Aug-23,2023 3Q,2023,3.11,"164,868.10",#N/A,#N/A,"80,545.10",1.9,109.47,"9,028.98",#N/A,#N/A,#N/A,#N/A,#N/A,#N/A,#N/A,129.357,134.471,0.06,0.8
Sep-23,2023 3Q,2023,3.34,"164,868.10",#N/A,#N/A,"80,545.10",1.9,109.6,"9,028.98",#N/A,#N/A,#N/A,#N/A,#N/A,#N/A,#N/A,128.143,134.687,0.06,0.8
Oct-23,2023 4Q,2023,3.28,#N/A,#N/A,#N/A,#N/A,1.9,110.03,"9,028.98",#N/A,#N/A,#N/A,#N/A,#N/A,#N/A,#N/A,,,0.06,0.8